区分,登場MAP,ID,名称,Rank,種族,画像ID,流用元画像ID,HP,MP,攻撃,防御,素早さ,魔力,魔防,行動回数,属性耐性,スキル,通常ドロップ,レアドロップ,仲間化,図鑑文
通常敵,雷霆砂丘,856,雷砂のスコルピオ,86,獣,856,453,900,142,302,190,173,146,163,1,雷:+55% / 風:-35%,1:こうげき(35%) / 106:雷鳴突き(25%) / 118:サンダーボルト(25%) / 700:どくのいき(15%),6:世界樹の雫 (14%),2046:神獣の聖皮 (4%),対象,雷を帯びた尾針で砂中から獲物を刺す。硬い殻は放電のたび青白く明滅する。
通常敵,雷霆砂丘,857,轟電サンドワーム,87,獣,857,1853,1112,155,244,236,131,138,213,1,雷:+55% / 風:-35%,1:こうげき(35%) / 118:サンダーボルト(25%) / 304:いなずま(25%) / 601:ボミオス(15%),2029:天馬の羽 (14%),1077:破魔の呪香 (4%),対象,砂丘の地下を走る巨大な魔虫。地表へ出る直前、砂粒が雷鳴のように震える。
通常敵,雷霆砂丘,858,帯電する石像兵,88,無生物,858,303204,1145,158,248,240,134,140,216,1,雷:+55% / 風:-35%,1:こうげき(35%) / 106:雷鳴突き(25%) / 138:ギガスロー(25%) / 501:スクルト(15%),1077:破魔の呪香 (14%),2006:神鉄インゴット (4%),対象,落雷を蓄える石像兵。盾で受けた衝撃を電撃に変えて返す。
通常敵,雷霆砂丘,859,雷雲のラミア,89,魔族,859,1951,863,252,77,156,179,329,232,1,雷:+55% / 風:-35%,1:こうげき(15%) / 206:ライデイン(35%) / 226:ギガデイン(30%) / 230:裁きの雷霆(20%),2021:虹の結晶 (14%),6:世界樹の雫 (4%),対象,帯電した雲をまとって砂上を滑る蛇魔。遠雷に紛れて術を放つ。
通常敵,雷霆砂丘,860,紫電の砂王獣,90,獣,860,901,1492,237,315,227,197,315,228,2,雷:+55% / 風:-35%,1:こうげき(20%) / 155:ギガブレイク(20%) / 226:ギガデイン(25%) / 711:はげしいおたけび(20%) / 705:いてつくはどう(15%),6:世界樹の雫 (14%),100:いのちのきのみ (4%),対象,砂嵐の中心に棲む獣王。紫電を角へ集め、群れごと踏み砕く。
通常敵,黒縄のピラミッド,905,黒縄ミイラ兵,91,死霊,905,252,1035,158,329,206,189,159,178,1,雷:+55% / 風:-35%,1:こうげき(35%) / 106:雷鳴突き(25%) / 118:サンダーボルト(25%) / 701:おたけび(15%),6:世界樹の雫 (14%),2022:賢者の石片 (4%),対象,黒縄で骨を縛られた守墓兵。朽ちた剣には雷が残っている。
通常敵,黒縄のピラミッド,906,雷葬のアヌビス,92,獣人,906,303206,1062,160,334,209,192,162,180,1,雷:+55% / 風:-35%,1:こうげき(35%) / 118:サンダーボルト(25%) / 226:ギガデイン(25%) / 703:マホトーン(15%),2037:古竜の爪 (14%),6:世界樹の雫 (4%),対象,王墓の門を巡回する獣頭の戦士。侵入者の足音を電気で探る。
通常敵,黒縄のピラミッド,907,電晶スカラベ,93,獣,907,405,1002,196,299,174,239,258,183,1,雷:+55% / 風:-35%,1:こうげき(35%) / 106:雷鳴突き(25%) / 304:いなずま(25%) / 601:ボミオス(15%),6:世界樹の雫 (14%),2046:神獣の聖皮 (4%),対象,雷晶を背負う甲虫。壁面を走り、術者の詠唱へ放電を浴びせる。
通常敵,黒縄のピラミッド,908,王墓の雷術師,94,魔族,908,406,982,278,83,168,194,358,251,1,雷:+55% / 風:-35%,1:こうげき(20%) / 206:ライデイン(20%) / 226:ギガデイン(25%) / 230:裁きの雷霆(20%) / 503:マジックバリア(15%),2037:古竜の爪 (14%),1028:奈落の器 (4%),対象,王家の雷呪を守る術師。棺の刻印を媒介に雷霆を連ねる。
通常敵,黒縄のピラミッド,909,黒雷の番獣,95,獣,909,402,1692,260,342,245,213,343,246,2,雷:+55% / 風:-35%,1:こうげき(20%) / 155:ギガブレイク(20%) / 230:裁きの雷霆(25%) / 237:ジゴデイン(20%) / 711:はげしいおたけび(15%),1013:雷霆の器 (14%),104:すばやさのたね (4%),対象,最奥の石棺を守る黒い魔獣。傷を負うほど雷雲を濃くする。
通常敵,叫喚の墓地,861,嘆風の亡者,86,死霊,861,154,792,238,73,148,170,312,220,1,風:+55% / 雷:-35%,1:こうげき(15%) / 114:暗黒剣(35%) / 202:バギ(30%) / 703:マホトーン(20%),1073:軟化の呪香 (14%),2022:賢者の石片 (4%),対象,墓標の隙間を漂う亡者。嘆き声が風となり、旅人の足を止める。
通常敵,叫喚の墓地,862,墓守りガルーダ,87,獣,862,404,853,175,270,158,216,233,166,1,風:+55% / 雷:-35%,1:こうげき(35%) / 103:ウイングアッパー(25%) / 127:しんくうは(25%) / 311:ウイングダイブ(15%),2045:幻獣の毛皮 (14%),6:世界樹の雫 (4%),対象,墓地上空を旋回する翼獣。羽ばたきだけで古い墓石を削る。
通常敵,叫喚の墓地,863,哭き声のバンシー,88,死霊,863,452,840,248,75,153,176,324,228,1,風:+55% / 雷:-35%,1:こうげき(20%) / 202:バギ(20%) / 211:バギマ(25%) / 703:マホトーン(20%) / 601:ボミオス(15%),6:世界樹の雫 (14%),2022:賢者の石片 (4%),対象,埋葬されなかった声が形を得た死霊。泣き声で魔法を封じる。
通常敵,叫喚の墓地,864,風葬の骸騎士,89,死霊,864,357,1177,162,252,244,136,143,220,1,風:+55% / 雷:-35%,1:こうげき(35%) / 103:ウイングアッパー(25%) / 127:しんくうは(25%) / 602:ルカナン(15%),2061:世界の断片 (14%),6:世界樹の雫 (4%),対象,風化した鎧に亡霊が宿った騎士。刃の軌跡に真空の傷を残す。
通常敵,叫喚の墓地,865,叫喚の墓獣,90,獣,865,851,1492,237,315,227,197,315,228,2,風:+55% / 雷:-35%,1:こうげき(20%) / 132:超はやぶさ斬り(20%) / 215:バギクロス(25%) / 311:ウイングダイブ(20%) / 711:はげしいおたけび(15%),6:世界樹の雫 (14%),106:スキルのたね (4%),対象,無数の叫びを喰らって育った墓獣。咆哮と暴風を同時に放つ。
通常敵,魔風の霊廟,910,霊廟の風読師,91,魔族,910,301082,911,262,79,161,185,341,240,1,風:+55% / 雷:-35%,1:こうげき(20%) / 211:バギマ(20%) / 215:バギクロス(25%) / 601:ボミオス(20%) / 503:マジックバリア(15%),6:世界樹の雫 (14%),2022:賢者の石片 (4%),対象,霊廟の気流を読み、死者の声を術へ変える風の司祭。
通常敵,魔風の霊廟,911,旋風ミイラ,92,死霊,911,1254,977,193,294,172,235,254,180,1,風:+55% / 雷:-35%,1:こうげき(35%) / 103:ウイングアッパー(25%) / 127:しんくうは(25%) / 703:マホトーン(15%),2061:世界の断片 (14%),1013:雷霆の器 (4%),対象,葬衣を旋風のように翻す亡者。近づく者を墓室の壁へ叩きつける。
通常敵,魔風の霊廟,912,虚空のレイス,93,死霊,912,802,958,272,82,166,191,352,247,1,風:+55% / 雷:-35%,1:こうげき(15%) / 202:バギ(35%) / 215:バギクロス(30%) / 704:スキルブレイク(20%),1033:終焉の器 (14%),2022:賢者の石片 (4%),対象,空洞だけを残して漂う死霊。触れた空間から音と熱を奪う。
通常敵,魔風の霊廟,913,魔風の石翼獣,94,無生物,913,556,1339,178,274,263,147,155,238,1,風:+55% / 雷:-35%,1:こうげき(35%) / 127:しんくうは(25%) / 311:ウイングダイブ(25%) / 701:おたけび(15%),2005:星銀鋼 (14%),6:世界樹の雫 (4%),対象,霊廟の屋根を守る石翼像。動くたび石粉を巻き上げる。
通常敵,魔風の霊廟,914,葬送の嵐蛇,95,竜,914,1653,1692,260,342,245,213,343,246,2,風:+55% / 雷:-35%,1:こうげき(20%) / 161:疾風迅雷(20%) / 222:バギムーチョ(25%) / 236:烈風バギムーチョ(20%) / 714:竜の咆哮(15%),6:世界樹の雫 (14%),103:まりょくのたね (4%),対象,葬送歌に呼ばれて現れる嵐蛇。長い胴で通路を塞ぎ風を圧縮する。
通常敵,極寒樹林,956,凍樹のトレント,96,植物,956,701,1404,184,282,271,152,160,245,1,水:+55% / 火:-35%,1:こうげき(35%) / 105:氷結斬り(25%) / 210:ヒャダルコ(25%) / 601:ボミオス(15%),6:世界樹の雫 (14%),2014:神木の欠片 (4%),対象,根まで凍りながら動く古樹。枝先の氷を槍のように落とす。
通常敵,極寒樹林,957,氷牙フェンリル,97,獣,957,510,1101,211,318,185,254,275,195,1,水:+55% / 火:-35%,1:こうげき(35%) / 105:氷結斬り(25%) / 301:こごえる吹雪(25%) / 132:超はやぶさ斬り(15%),2037:古竜の爪 (14%),6:世界樹の雫 (4%),対象,雪煙に紛れて獲物を囲む氷狼。牙に触れた傷から体温を奪う。
通常敵,極寒樹林,958,霜衣の魔女,98,魔族,958,1703,1077,298,89,178,206,381,266,1,水:+55% / 火:-35%,1:こうげき(15%) / 210:ヒャダルコ(35%) / 221:マヒャデドス(30%) / 503:マジックバリア(20%),6:世界樹の雫 (14%),2022:賢者の石片 (4%),対象,霜を衣としてまとう魔女。吐息で術式を凍らせ、別の形へ組み替える。
通常敵,極寒樹林,959,白氷の甲殻獣,99,竜,959,303208,1501,194,295,283,159,168,256,1,水:+55% / 火:-35%,1:こうげき(35%) / 105:氷結斬り(25%) / 305:かがやく息(25%) / 602:ルカナン(15%),2037:古竜の爪 (14%),1051:剛力の戦香 (4%),対象,氷殻を重ねた爬獣。動きは鈍いが、正面からの攻撃をほとんど通さない。
通常敵,極寒樹林,960,極寒の森王,100,竜,960,1154,1891,283,368,263,229,370,265,2,水:+55% / 火:-35%,1:こうげき(20%) / 221:マヒャデドス(20%) / 305:かがやく息(25%) / 307:絶対零度(20%) / 714:竜の咆哮(15%),1051:剛力の戦香 (14%),106:スキルのたね (4%),対象,極寒樹林の奥で眠る古竜。翼を開くだけで森一帯に吹雪が起こる。
通常敵,氷刻の浄罪路,1005,浄罪の氷僧,101,死霊,1005,401120,1148,312,93,186,215,398,278,1,水:+55% / 火:-35%,1:こうげき(15%) / 210:ヒャダルコ(35%) / 221:マヒャデドス(30%) / 404:エリアヒール(20%),1018:天嵐の器 (14%),2022:賢者の石片 (4%),対象,罪人の祈りを凍らせて集める僧。氷像を盾にして傷を癒やす。
通常敵,氷刻の浄罪路,1006,氷刻の処刑騎士,102,死霊,1006,357,1332,190,389,241,222,189,209,1,水:+55% / 火:-35%,1:こうげき(35%) / 105:氷結斬り(25%) / 135:天下無双(25%) / 221:マヒャデドス(15%),2061:世界の断片 (14%),6:世界樹の雫 (4%),対象,処刑具を刃へ作り替えた亡霊騎士。足元から氷の杭を伸ばす。
通常敵,氷刻の浄罪路,1007,凍涙のセイレーン,103,魔族,1007,301030,1196,322,95,191,221,410,285,1,水:+55% / 火:-35%,1:こうげき(20%) / 221:マヒャデドス(20%) / 235:氷塊マヒャデドス(25%) / 703:マホトーン(20%) / 601:ボミオス(15%),6:世界樹の雫 (14%),2038:神獣の爪 (4%),対象,凍った涙を歌へ変える魔性。歌声を聞いた者は指先から動かなくなる。
通常敵,氷刻の浄罪路,1008,罪鎖の霜竜,104,竜,1008,1153,1663,210,317,302,170,180,274,1,水:+55% / 火:-35%,1:こうげき(35%) / 305:かがやく息(25%) / 307:絶対零度(25%) / 714:竜の咆哮(15%),2037:古竜の爪 (14%),6:世界樹の雫 (4%),対象,鎖の痕を鱗に刻んだ霜竜。暴れるほど周囲の温度が下がる。
通常敵,氷刻の浄罪路,1009,無音の氷獄獣,105,獣,1009,1055,2091,306,395,281,245,397,283,2,水:+55% / 火:-35%,1:こうげき(20%) / 132:超はやぶさ斬り(20%) / 235:氷塊マヒャデドス(25%) / 307:絶対零度(20%) / 711:はげしいおたけび(15%),6:世界樹の雫 (14%),103:まりょくのたね (4%),対象,音の届かない氷獄から現れる獣。気配を消したまま喉元へ迫る。
通常敵,煉獄山脈,961,煉岩の火蜥蜴,96,竜,961,704,1076,207,313,182,250,271,192,1,火:+55% / 水:-35%,1:こうげき(35%) / 104:火炎斬り(25%) / 302:はげしい炎(25%) / 700:どくのいき(15%),6:世界樹の雫 (14%),2006:神鉄インゴット (4%),対象,溶岩の割れ目を泳ぐ火蜥蜴。尾で散らした火の粉が遅れて爆ぜる。
通常敵,煉獄山脈,962,熔断の山羊鬼,97,獣人,962,303201,1197,176,362,225,207,175,195,1,火:+55% / 水:-35%,1:こうげき(35%) / 104:火炎斬り(25%) / 153:紅蓮連撃(25%) / 711:はげしいおたけび(15%),2029:天馬の羽 (14%),1057:魔障の戦香 (4%),対象,焼けた斧を振るう山羊鬼。岩壁ごと獲物を断ち切ろうとする。
通常敵,煉獄山脈,963,灰翼の火竜,98,竜,963,554,1126,214,323,187,258,279,197,1,火:+55% / 水:-35%,1:こうげき(35%) / 302:はげしい炎(25%) / 306:しゃくねつ(25%) / 310:紅蓮の炎(15%),1057:魔障の戦香 (14%),2006:神鉄インゴット (4%),対象,灰を翼膜にまとった火竜。飛び立つたび山肌へ赤い火線を引く。
通常敵,煉獄山脈,964,噴炎の巨岩兵,99,無生物,964,1551,1501,194,295,283,159,168,256,1,火:+55% / 水:-35%,1:こうげき(35%) / 104:火炎斬り(25%) / 306:しゃくねつ(25%) / 501:スクルト(15%),2005:星銀鋼 (14%),6:世界樹の雫 (4%),対象,噴火口の岩が集まって生まれた巨兵。胴の亀裂から炎を吐く。
通常敵,煉獄山脈,965,煉獄峰の暴君,100,魔族,965,601,1891,283,368,263,229,370,265,2,火:+55% / 水:-35%,1:こうげき(20%) / 153:紅蓮連撃(20%) / 224:メラガイアー(25%) / 310:紅蓮の炎(20%) / 711:はげしいおたけび(15%),6:世界樹の雫 (14%),105:まもりのたね (4%),対象,煉獄山脈の峰を支配する魔将。火口の魔力を鎧へ流し込む。
通常敵,灼熱の古城,1010,灼城の甲冑兵,101,無生物,1010,504,1566,200,304,290,163,173,263,1,火:+55% / 水:-35%,1:こうげき(35%) / 104:火炎斬り(25%) / 153:紅蓮連撃(25%) / 602:ルカナン(15%),6:世界樹の雫 (14%),2006:神鉄インゴット (4%),対象,古城の城壁と同じ鉱石で造られた甲冑兵。熱した刃を休みなく振るう。
通常敵,灼熱の古城,1011,焦土の宮廷魔導士,102,魔族,1011,1501,1172,318,94,188,218,404,282,1,火:+55% / 水:-35%,1:こうげき(20%) / 213:メラゾーマ(20%) / 224:メラガイアー(25%) / 233:神速メラガイアー(20%) / 500:バイキルト(15%),2061:世界の断片 (14%),6:世界樹の雫 (4%),対象,滅びた宮廷の術式を守る魔導士。焦土の記憶を炎として再現する。
通常敵,灼熱の古城,1012,炎冠のガーゴイル,103,魔族,1012,505,1250,232,347,200,276,301,212,1,火:+55% / 水:-35%,1:こうげき(35%) / 104:火炎斬り(25%) / 306:しゃくねつ(25%) / 701:おたけび(15%),6:世界樹の雫 (14%),2022:賢者の石片 (4%),対象,尖塔に巣食う翼魔。石の皮膚を赤熱させて急降下する。
通常敵,灼熱の古城,1013,焼尽の処刑人,104,魔族,1013,754,1386,196,400,248,228,194,214,1,火:+55% / 水:-35%,1:こうげき(35%) / 153:紅蓮連撃(25%) / 135:天下無双(25%) / 224:メラガイアー(15%),2037:古竜の爪 (14%),1071:脱力の呪香 (4%),対象,焼けた大剣を引きずる処刑人。標的を逃がさず一撃ずつ追い詰める。
通常敵,灼熱の古城,1014,古城の紅蓮竜,105,竜,1014,1152,2091,306,395,281,245,397,283,2,火:+55% / 水:-35%,1:こうげき(20%) / 224:メラガイアー(20%) / 306:しゃくねつ(25%) / 310:紅蓮の炎(20%) / 714:竜の咆哮(15%),1071:脱力の呪香 (14%),102:ちからのたね (4%),対象,古城の地下で育った紅蓮竜。吐息が石床を溶かし退路を塞ぐ。
通常敵,夢幻回廊リドパルム,1056,夢蝕みのモルフォ,106,獣,1056,403,1325,243,361,208,288,313,220,1,闇:+55% / 光:-35%,1:こうげき(35%) / 214:ドルモーア(25%) / 225:ドルマドン(25%) / 703:マホトーン(15%),1053:堅守の戦香 (14%),2038:神獣の爪 (4%),対象,夢の明暗を鱗粉にして散らす魔蝶。眠った者の記憶を少しずつ喰う。
通常敵,夢幻回廊リドパルム,1057,光葬の巡礼者,107,精霊,1057,604,1291,342,100,201,233,433,301,1,光:+55% / 闇:-35%,1:こうげき(20%) / 126:ギガスラッシュ(20%) / 218:イオナズン(25%) / 228:シャイニング(20%) / 408:ひかりのはどう(15%),2029:天馬の羽 (14%),6:世界樹の雫 (4%),対象,光を弔いの布へ織り込んだ巡礼者。祈りとともに眩い刃を放つ。
通常敵,夢幻回廊リドパルム,1058,影縫いの幻術師,108,魔族,1058,503,1315,348,102,203,236,439,305,1,闇:+55% / 光:-35%,1:こうげき(20%) / 114:暗黒剣(20%) / 225:ドルマドン(25%) / 704:スキルブレイク(20%) / 601:ボミオス(15%),6:世界樹の雫 (14%),2038:神獣の爪 (4%),対象,影を糸のように操る幻術師。相手の動きを写した偽像を作る。
通常敵,夢幻回廊リドパルム,1059,白黒の鏡魔,109,精霊,1059,603,1825,226,339,322,182,193,292,1,光:+40% / 闇:+40% / 混沌:+20%,1:こうげき(20%) / 218:イオナズン(20%) / 225:ドルマドン(25%) / 227:イオグランデ(20%) / 503:マジックバリア(15%),2021:虹の結晶 (14%),6:世界樹の雫 (4%),対象,光と闇を両面に映す鏡魔。受けた術を歪めて撃ち返す。
通常敵,夢幻回廊リドパルム,1060,昏迷の回廊獣,110,獣,1060,1303,2291,329,421,299,261,424,302,2,闇:+50% / 光:-30% / 混沌:+20%,1:こうげき(20%) / 132:超はやぶさ斬り(20%) / 234:連続ドルマドン(25%) / 314:闇の流星(20%) / 711:はげしいおたけび(15%),6:世界樹の雫 (14%),105:まもりのたね (4%),対象,回廊で迷った夢が獣となったもの。視線を合わせると方向感覚を奪われる。
通常敵,災禍の根ジャゴレア,1105,根喰らいの天使骸,111,死霊,1105,1404,1449,261,385,221,306,334,234,1,光:+30% / 闇:+55%,1:こうげき(20%) / 126:ギガスラッシュ(20%) / 225:ドルマドン(25%) / 312:シャイニングブレス(20%) / 703:マホトーン(15%),6:世界樹の雫 (15%),2023:混沌の核 (5%),対象,根に取り込まれた天使の骸。残った光が闇の枝から漏れている。
通常敵,災禍の根ジャゴレア,1106,闇芽のアルラウネ,112,植物,1106,701,1410,368,107,213,248,462,320,1,闇:+55% / 光:-35%,1:こうげき(15%) / 214:ドルモーア(35%) / 225:ドルマドン(30%) / 700:どくのいき(20%),2014:神木の欠片 (15%),1033:終焉の器 (5%),対象,闇を養分に咲く魔樹。蔓が触れた相手の魔力を根へ吸い上げる。
通常敵,災禍の根ジャゴレア,1107,災光の祭司,113,魔族,1107,1604,1434,372,108,216,251,468,324,1,光:+55% / 闇:-35%,1:こうげき(20%) / 218:イオナズン(20%) / 227:イオグランデ(25%) / 604:やみのはどう(20%) / 408:ひかりのはどう(15%),1018:天嵐の器 (15%),2063:終焉の黒玉 (5%),対象,災いを光として崇める祭司。祈りのたび根脈が脈打つ。
通常敵,災禍の根ジャゴレア,1108,執念の根獣,114,獣,1108,1601,1656,226,454,280,259,221,243,1,闇:+40% / 混沌:+30% / 光:-25%,1:こうげき(20%) / 148:邪神の爪(20%) / 234:連続ドルマドン(25%) / 313:ダークネスブレス(20%) / 711:はげしいおたけび(15%),2046:神獣の聖皮 (15%),6:世界樹の雫 (5%),対象,切られても根から這い戻る魔獣。執念だけで傷口を塞ぐ。
通常敵,災禍の根ジャゴレア,1109,ジャゴレアの落胤,115,魔族,1109,1452,2491,352,448,317,278,451,320,2,混沌:+55% / 光:+20% / 闇:+20%,1:こうげき(20%) / 238:ビッグバン(20%) / 242:アビスウォール(25%) / 315:魔触(20%) / 705:いてつくはどう(15%),6:世界樹の雫 (15%),102:ちからのたね (5%),対象,ジャゴレアの根から分かれた幼体。光と闇を区別せず飲み込む。
通常敵,次元牢獄クロノアビス,1156,時牢の番人,116,機械,1156,1603,2052,248,369,349,198,210,318,1,混沌:+55% / 雷:-25%,1:こうげき(35%) / 157:ラグナブレード(25%) / 220:ジゴスパーク(25%) / 602:ルカナン(15%),6:世界樹の雫 (15%),2007:アビスメタル (5%),対象,時間の歯車を胸に埋めた番人。侵入者の動きを一瞬だけ遅らせる。
通常敵,次元牢獄クロノアビス,1157,逆刻のキマイラ,117,獣,1157,303203,1598,283,414,237,329,360,251,1,混沌:+55% / 光:-25%,1:こうげき(20%) / 148:邪神の爪(20%) / 239:ねんじボール(25%) / 315:魔触(20%) / 711:はげしいおたけび(15%),2038:神獣の爪 (15%),6:世界樹の雫 (5%),対象,異なる時代の獣が継ぎ合わされた魔物。攻撃の間合いが絶えず変わる。
通常敵,次元牢獄クロノアビス,1158,虚時の魔女,118,魔族,1158,1901,1552,398,115,228,266,496,343,1,混沌:+60% / 光:-30%,1:こうげき(20%) / 220:ジゴスパーク(20%) / 238:ビッグバン(25%) / 245:カオスショック(20%) / 604:やみのはどう(15%),6:世界樹の雫 (15%),2023:混沌の核 (5%),対象,失われた時間を珠に封じる魔女。砕けた未来を混沌の術へ変える。
通常敵,次元牢獄クロノアビス,1159,次元断ちの竜兵,119,竜人,1159,1355,1791,242,482,296,274,234,257,1,混沌:+55% / 闇:+30%,1:こうげき(20%) / 157:ラグナブレード(20%) / 165:クライムハザード(25%) / 315:魔触(20%) / 714:竜の咆哮(15%),2038:神獣の爪 (15%),1051:剛力の戦香 (5%),対象,次元の裂け目を刃にまとわせる竜兵。防具ごと空間を切り離す。
通常敵,次元牢獄クロノアビス,1160,混沌牢の看守長,120,魔族,1160,1804,2691,375,474,335,294,478,338,2,混沌:+70% / 光:+20% / 闇:+20%,1:こうげき(20%) / 238:ビッグバン(20%) / 242:アビスウォール(25%) / 245:カオスショック(20%) / 705:いてつくはどう(15%),1051:剛力の戦香 (15%),105:まもりのたね (5%),対象,牢獄の時間流を管理する看守長。戦場そのものを混沌へ傾ける。
ボス,最果ての地カルメナ,302001,深淵門将レオン,85,魔族,302001,401010,10500,900,285,275,230,250,270,2,光:+70%,1:こうげき(25%) / 156:ゴッドハンド(25%) / 227:イオグランデ(25%) / 408:ひかりのはどう(25%),105:まもりのたね (100%),106:スキルのたね (5%),ボス,カルメナ北門を守る剣将。光をまとった連撃で退路を断つ。
ボス,最果ての地カルメナ,302000,深淵門将グレン,85,魔族,302000,401020,11500,850,305,300,205,265,285,2,闇:+70%,1:こうげき(25%) / 157:ラグナブレード(25%) / 225:ドルマドン(25%) / 408:ひかりのはどう(25%),102:ちからのたね (100%),106:スキルのたね (5%),ボス,カルメナ北門を守る獣将。重い一撃と混沌の術を同時に操る。
ボス,黒縄のピラミッド,302010,黒雷のレナード,95,魔族,302010,401030,15500,1200,340,325,275,365,335,2,雷:+70%,118:サンダーボルト(20%) / 226:ギガデイン(25%) / 230:裁きの雷霆(30%) / 237:ジゴデイン(25%),99:ちいさなメダル (100%),106:スキルのたね (5%),ボス,黒雷を受け入れたレナード。雷霆を連ね、結界の核を守る。
ボス,魔風の霊廟,302020,死風のエリシア,95,魔族,302020,401040,15000,1250,315,300,320,370,330,2,風:+70%,127:しんくうは(20%) / 215:バギクロス(25%) / 222:バギムーチョ(30%) / 236:烈風バギムーチョ(25%),99:ちいさなメダル (100%),106:スキルのたね (5%),ボス,死者の風をまとったエリシア。速度と風術で戦列を崩す。
ボス,氷刻の浄罪路,302030,極零のシーリス,105,魔族,302030,401050,19000,1500,350,390,285,405,410,2,水:+70%,139:絶対零刀(20%) / 221:マヒャデドス(25%) / 235:氷塊マヒャデドス(25%) / 307:絶対零度(30%),99:ちいさなメダル (100%),106:スキルのたね (5%),ボス,極零の力に囚われたシーリス。氷結と回復を織り交ぜる。
ボス,灼熱の古城,302040,焦熱のグラド,105,魔族,302040,401060,19500,1450,390,365,300,420,375,2,火:+70%,155:ギガブレイク(20%) / 224:メラガイアー(25%) / 243:フェニックスフレア(25%) / 310:紅蓮の炎(30%),99:ちいさなメダル (100%),106:スキルのたね (5%),ボス,焦熱を鎧としたグラド。炎の連撃で長期戦を許さない。
ボス,夢幻回廊リドパルム,302050,昏迷の黒騎士ヴェルド,110,魔族,302050,401070,22000,1750,410,420,330,430,440,2,闇:+70%,140:紫電一閃(20%) / 166:ラグナロク(25%) / 234:連続ドルマドン(25%) / 314:闇の流星(30%),99:ちいさなメダル (100%),106:スキルのたね (5%),ボス,夢と闇に沈んだ黒騎士ヴェルド。光と闇の境を断ち切る。
ボス,災禍の根ジャゴレア,302060,妄執の神官ジャスパー,115,魔族,302060,401090,25000,1900,405,445,315,470,465,2,混沌:+70%,160:グランドネビュラ(20%) / 227:イオグランデ(25%) / 232:イオマータ(25%) / 247:ジエンド(30%),99:ちいさなメダル (100%),106:スキルのたね (5%),ボス,災禍の根へ祈りを捧げ続ける神官。執念が混沌を増幅する。
ボス,次元牢獄クロノアビス,302070,混沌姫イルミナシア,120,魔族,302070,401081,29000,2200,455,470,360,510,490,3,混沌:+70%,157:ラグナブレード(20%) / 238:ビッグバン(25%) / 245:カオスショック(30%) / 315:魔触(25%),99:ちいさなメダル (100%),106:スキルのたね (5%),ボス,次元牢獄を統べる混沌姫。旧きリリスの力を完全に解放している。
ボス,混沌魔城レガシオン／火のプリズム,502001,火の大精霊,112,魔族,502001,354,24000,1800,390,400,330,470,420,2,火:+70%,1:こうげき(20%) / 224:メラガイアー(20%) / 233:神速メラガイアー(25%) / 310:紅蓮の炎(20%) / 503:マジックバリア(15%),イベント報酬／なし,イベント報酬／なし,ボス,炎のプリズムに宿る大精霊。火の加護に耐える者を試す。
ボス,混沌魔城レガシオン／水のプリズム,502002,水の大精霊,112,魔族,502002,351,24000,1800,360,430,315,475,455,2,水:+70%,1:こうげき(20%) / 221:マヒャデドス(20%) / 235:氷塊マヒャデドス(25%) / 307:絶対零度(20%) / 404:エリアヒール(15%),イベント報酬／なし,イベント報酬／なし,ボス,水のプリズムに宿る大精霊。氷と癒やしを同時に操る。
ボス,混沌魔城レガシオン／風のプリズム,502003,風の大精霊,112,魔族,502003,654,23500,1800,375,365,390,465,420,2,風:+70%,1:こうげき(20%) / 222:バギムーチョ(20%) / 236:烈風バギムーチョ(25%) / 311:ウイングダイブ(20%) / 502:ピオリム(15%),イベント報酬／なし,イベント報酬／なし,ボス,風のプリズムに宿る大精霊。目で追えない速さで間合いを変える。
ボス,混沌魔城レガシオン／雷のプリズム,502004,雷の大精霊,112,魔族,502004,901,24000,1800,405,390,350,470,420,2,雷:+70%,1:こうげき(20%) / 226:ギガデイン(20%) / 230:裁きの雷霆(25%) / 237:ジゴデイン(20%) / 601:ボミオス(15%),イベント報酬／なし,イベント報酬／なし,ボス,雷のプリズムに宿る大精霊。連続する雷霆で守りを砕く。
ボス,混沌魔城レガシオン／光のプリズム,502005,光の大精霊,112,魔族,502005,604,24500,1850,380,410,340,485,450,2,光:+70%,1:こうげき(20%) / 227:イオグランデ(20%) / 228:シャイニング(25%) / 312:シャイニングブレス(20%) / 408:ひかりのはどう(15%),イベント報酬／なし,イベント報酬／なし,ボス,光のプリズムに宿る大精霊。裁きと浄化の光を放つ。
ボス,混沌魔城レガシオン／闇のプリズム,502006,闇の大精霊,112,魔族,502006,1053,24500,1850,390,400,350,490,445,2,闇:+70%,1:こうげき(20%) / 225:ドルマドン(20%) / 234:連続ドルマドン(25%) / 314:闇の流星(20%) / 604:やみのはどう(15%),イベント報酬／なし,イベント報酬／なし,ボス,闇のプリズムに宿る大精霊。影を重ねて魔力を封じる。
ボス,終焉の祭壇／死幻の魔柱,302080,雷柱レナード,122,魔族,302080,401180,15500,1800,430,420,335,465,430,2,雷:+70%,106:雷鳴突き(20%) / 226:ギガデイン(20%) / 230:裁きの雷霆(25%) / 237:ジゴデイン(20%) / 601:ボミオス(15%),イベント報酬／なし,イベント報酬／なし,ボス,ヴェグナシスに混ぜられたレナードの雷核。
ボス,終焉の祭壇／死幻の魔柱,302081,風柱エリシア,122,魔族,302080,401180,15000,1800,405,390,390,470,420,2,風:+70%,103:ウイングアッパー(20%) / 222:バギムーチョ(20%) / 236:烈風バギムーチョ(25%) / 311:ウイングダイブ(20%) / 601:ボミオス(15%),イベント報酬／なし,イベント報酬／なし,ボス,ヴェグナシスに混ぜられたエリシアの風核。
ボス,終焉の祭壇／死幻の魔柱,302082,水柱シーリス,122,魔族,302080,401180,16000,1850,390,445,330,475,455,2,水:+70%,105:氷結斬り(20%) / 221:マヒャデドス(20%) / 235:氷塊マヒャデドス(25%) / 307:絶対零度(20%) / 503:マジックバリア(15%),イベント報酬／なし,イベント報酬／なし,ボス,ヴェグナシスに混ぜられたシーリスの水核。
ボス,終焉の祭壇／死幻の魔柱,302083,火柱グラド,122,魔族,302080,401180,16000,1800,450,415,345,470,430,2,火:+70%,104:火炎斬り(20%) / 224:メラガイアー(20%) / 233:神速メラガイアー(25%) / 310:紅蓮の炎(20%) / 500:バイキルト(15%),イベント報酬／なし,イベント報酬／なし,ボス,ヴェグナシスに混ぜられたグラドの火核。
ボス,終焉の祭壇／死幻の魔柱,302084,闇柱ヴェルド,122,魔族,302080,401180,15500,1900,420,410,355,485,440,2,闇:+70%,114:暗黒剣(20%) / 225:ドルマドン(20%) / 234:連続ドルマドン(25%) / 314:闇の流星(20%) / 604:やみのはどう(15%),イベント報酬／なし,イベント報酬／なし,ボス,ヴェグナシスに混ぜられたヴェルドの闇核。
ボス,終焉の祭壇,302100,深淵王アゼルガラグ,125,魔族,302100,401100,38000,2600,500,520,365,535,520,3,混沌:+70%,166:ラグナロク(20%) / 245:カオスショック(25%) / 700101:混沌の衣(25%) / 315:魔触(30%),イベント報酬／なし,イベント報酬／なし,ボス,深淵世界の王。混沌を衣として祭壇の最奥に立つ。
ボス,終焉の祭壇,302101,深淵王アゼルガラグ・終極,130,魔族,302101,401190,48000,3000,560,585,405,600,580,3,混沌:+70%,166:ラグナロク(20%) / 245:カオスショック(25%) / 700101:混沌の衣(25%) / 315:魔触(30%),イベント報酬／なし,イベント報酬／なし,ボス,光の加護に抗い、深淵そのものへ変じたアゼルガラグの終極形態。
