"eid","name","type","baseName","currentRank","targetRank","currentData","nextData","identityPreserved"
"1","ひのきのぼう","武器","剣","1","10","{""atk"":3,""hit"":10}","{""atk"":6,""hit"":10}","id/eid/masterEid/name/type/baseName/plus/opts/traits/possibleOpts/grantSkills/locked/source/custom metadata"
"2","石のオノ","武器","斧","1","10","{""atk"":4,""hit"":-10}","{""atk"":8,""hit"":-10}","id/eid/masterEid/name/type/baseName/plus/opts/traits/possibleOpts/grantSkills/locked/source/custom metadata"
"3","銅のナイフ","武器","短剣","1","10","{""atk"":1,""mag"":1,""cri"":2}","{""atk"":3,""mag"":3,""cri"":2}","id/eid/masterEid/name/type/baseName/plus/opts/traits/possibleOpts/grantSkills/locked/source/custom metadata"
"4","樫の杖","武器","杖","1","10","{""mag"":4}","{""mag"":7}","id/eid/masterEid/name/type/baseName/plus/opts/traits/possibleOpts/grantSkills/locked/source/custom metadata"
"5","たけのやり","武器","槍","1","10","{""atk"":4}","{""atk"":7}","id/eid/masterEid/name/type/baseName/plus/opts/traits/possibleOpts/grantSkills/locked/source/custom metadata"
"6","おもちゃの弓","武器","弓","1","10","{""atk"":4,""cri"":5,""hit"":-15}","{""atk"":7,""cri"":5,""hit"":-15}","id/eid/masterEid/name/type/baseName/plus/opts/traits/possibleOpts/grantSkills/locked/source/custom metadata"
"7","おなべのふた","盾","盾","1","10","{""def"":3,""mdef"":1}","{""def"":6,""mdef"":3}","id/eid/masterEid/name/type/baseName/plus/opts/traits/possibleOpts/grantSkills/locked/source/custom metadata"
"8","銅のバングル","盾","腕輪","1","10","{""atk"":1,""def"":1,""mag"":1,""mdef"":1}","{""atk"":3,""def"":3,""mag"":3,""mdef"":3}","id/eid/masterEid/name/type/baseName/plus/opts/traits/possibleOpts/grantSkills/locked/source/custom metadata"
"9","皮のぼうし","頭","兜","1","10","{""def"":2,""mdef"":1,""hp"":5,""mp"":4}","{""def"":4,""mdef"":2,""hp"":8,""mp"":8}","id/eid/masterEid/name/type/baseName/plus/opts/traits/possibleOpts/grantSkills/locked/source/custom metadata"
"10","ターバン","頭","帽子","1","10","{""def"":1,""mdef"":2,""hp"":4,""mp"":5}","{""def"":2,""mdef"":4,""hp"":8,""mp"":8}","id/eid/masterEid/name/type/baseName/plus/opts/traits/possibleOpts/grantSkills/locked/source/custom metadata"
"11","布の服","体","鎧","1","10","{""def"":2,""mdef"":1}","{""def"":4,""mdef"":3}","id/eid/masterEid/name/type/baseName/plus/opts/traits/possibleOpts/grantSkills/locked/source/custom metadata"
"12","旅人の服","体","ローブ","1","10","{""def"":1,""mag"":1,""mdef"":1}","{""def"":3,""mag"":3,""mdef"":3}","id/eid/masterEid/name/type/baseName/plus/opts/traits/possibleOpts/grantSkills/locked/source/custom metadata"
"13","皮のくつ","足","ブーツ","1","10","{""def"":1,""mdef"":1,""spd"":1}","{""def"":3,""mdef"":2,""spd"":3}","id/eid/masterEid/name/type/baseName/plus/opts/traits/possibleOpts/grantSkills/locked/source/custom metadata"
"14","わらじ","足","くつ","1","10","{""spd"":2,""eva"":5}","{""spd"":4,""eva"":5}","id/eid/masterEid/name/type/baseName/plus/opts/traits/possibleOpts/grantSkills/locked/source/custom metadata"
"21","銅のつるぎ","武器","剣","10","20","{""atk"":6,""hit"":10}","{""atk"":9,""hit"":10}","id/eid/masterEid/name/type/baseName/plus/opts/traits/possibleOpts/grantSkills/locked/source/custom metadata"
"22","鉄のオノ","武器","斧","10","20","{""atk"":8,""spd"":-2,""hit"":-10}","{""atk"":12,""spd"":-2,""hit"":-10}","id/eid/masterEid/name/type/baseName/plus/opts/traits/possibleOpts/grantSkills/locked/source/custom metadata"
"23","鉄のナイフ","武器","短剣","10","20","{""atk"":3,""mag"":3,""cri"":5}","{""atk"":5,""mag"":5,""cri"":5}","id/eid/masterEid/name/type/baseName/plus/opts/traits/possibleOpts/grantSkills/locked/source/custom metadata"
"24","魔導士の杖","武器","杖","10","20","{""mag"":7}","{""mag"":11}","id/eid/masterEid/name/type/baseName/plus/opts/traits/possibleOpts/grantSkills/locked/source/custom metadata"
"25","鉄のやり","武器","槍","10","20","{""atk"":7}","{""atk"":11}","id/eid/masterEid/name/type/baseName/plus/opts/traits/possibleOpts/grantSkills/locked/source/custom metadata"
"26","ショートボウ","武器","弓","10","20","{""atk"":7,""cri"":5,""hit"":-15}","{""atk"":11,""cri"":5,""hit"":-15}","id/eid/masterEid/name/type/baseName/plus/opts/traits/possibleOpts/grantSkills/locked/source/custom metadata"
"27","皮のたて","盾","盾","10","20","{""def"":6,""mdef"":3}","{""def"":8,""mdef"":6}","id/eid/masterEid/name/type/baseName/plus/opts/traits/possibleOpts/grantSkills/locked/source/custom metadata"
"28","鉄の腕輪","盾","腕輪","10","20","{""atk"":3,""def"":3,""mag"":3,""mdef"":3}","{""atk"":4,""def"":5,""mag"":4,""mdef"":6}","id/eid/masterEid/name/type/baseName/plus/opts/traits/possibleOpts/grantSkills/locked/source/custom metadata"
"29","木のヘルメット","頭","兜","10","20","{""def"":4,""mdef"":2,""hp"":8,""mp"":8}","{""def"":6,""mdef"":4,""hp"":12,""mp"":13}","id/eid/masterEid/name/type/baseName/plus/opts/traits/possibleOpts/grantSkills/locked/source/custom metadata"
"30","羽根ぼうし","頭","帽子","10","20","{""def"":2,""mdef"":4,""hp"":8,""mp"":8}","{""def"":4,""mdef"":6,""hp"":13,""mp"":12}","id/eid/masterEid/name/type/baseName/plus/opts/traits/possibleOpts/grantSkills/locked/source/custom metadata"
"31","皮のよろい","体","鎧","10","20","{""def"":4,""mdef"":3}","{""def"":7,""mdef"":4}","id/eid/masterEid/name/type/baseName/plus/opts/traits/possibleOpts/grantSkills/locked/source/custom metadata"
"32","稽古着","体","ローブ","10","20","{""def"":3,""mag"":3,""mdef"":3}","{""def"":4,""mag"":5,""mdef"":5}","id/eid/masterEid/name/type/baseName/plus/opts/traits/possibleOpts/grantSkills/locked/source/custom metadata"
"33","鉄のグリーヴ","足","ブーツ","10","20","{""def"":3,""spd"":3}","{""def"":4,""spd"":4}","id/eid/masterEid/name/type/baseName/plus/opts/traits/possibleOpts/grantSkills/locked/source/custom metadata"
"34","旅人のくつ","足","くつ","10","20","{""spd"":4,""eva"":5}","{""spd"":7,""eva"":5}","id/eid/masterEid/name/type/baseName/plus/opts/traits/possibleOpts/grantSkills/locked/source/custom metadata"
"41","鉄のつるぎ","武器","剣","20","30","{""atk"":9,""hit"":10}","{""atk"":12,""hit"":10}","id/eid/masterEid/name/type/baseName/plus/opts/traits/possibleOpts/grantSkills/locked/source/custom metadata"
"42","バトルアックス","武器","斧","20","30","{""atk"":12,""spd"":-3,""hit"":-10}","{""atk"":16,""spd"":-3,""hit"":-10}","id/eid/masterEid/name/type/baseName/plus/opts/traits/possibleOpts/grantSkills/locked/source/custom metadata"
"43","どくがのナイフ","武器","短剣","20","30","{""atk"":5,""mag"":5,""cri"":5,""attack_Poison"":10}","{""atk"":8,""mag"":8,""cri"":5,""attack_Poison"":10}","id/eid/masterEid/name/type/baseName/plus/opts/traits/possibleOpts/grantSkills/locked/source/custom metadata"
"44","ルーンスタッフ","武器","杖","20","30","{""mag"":11}","{""mag"":15}","id/eid/masterEid/name/type/baseName/plus/opts/traits/possibleOpts/grantSkills/locked/source/custom metadata"
"45","パルチザン","武器","槍","20","30","{""atk"":11}","{""atk"":14}","id/eid/masterEid/name/type/baseName/plus/opts/traits/possibleOpts/grantSkills/locked/source/custom metadata"
"46","クロスボウ","武器","弓","20","30","{""atk"":11,""cri"":5,""hit"":-15}","{""atk"":14,""cri"":5,""hit"":-15}","id/eid/masterEid/name/type/baseName/plus/opts/traits/possibleOpts/grantSkills/locked/source/custom metadata"
"47","鉄のたて","盾","盾","20","30","{""def"":8,""mdef"":6}","{""def"":11,""mdef"":8}","id/eid/masterEid/name/type/baseName/plus/opts/traits/possibleOpts/grantSkills/locked/source/custom metadata"
"48","銀のバングル","盾","腕輪","20","30","{""atk"":4,""def"":5,""mag"":4,""mdef"":6}","{""atk"":6,""def"":8,""mag"":6,""mdef"":9}","id/eid/masterEid/name/type/baseName/plus/opts/traits/possibleOpts/grantSkills/locked/source/custom metadata"
"49","鉄かぶと","頭","兜","20","30","{""def"":6,""mdef"":4,""hp"":12,""mp"":13}","{""def"":8,""mdef"":5,""hp"":16,""mp"":17}","id/eid/masterEid/name/type/baseName/plus/opts/traits/possibleOpts/grantSkills/locked/source/custom metadata"
"50","魔道士の帽子","頭","帽子","20","30","{""def"":4,""mdef"":6,""hp"":13,""mp"":12}","{""def"":5,""mdef"":8,""hp"":17,""mp"":16}","id/eid/masterEid/name/type/baseName/plus/opts/traits/possibleOpts/grantSkills/locked/source/custom metadata"
"51","鎖かたびら","体","鎧","20","30","{""def"":7,""mdef"":4,""finRed"":3}","{""def"":9,""mdef"":6,""finRed"":3}","id/eid/masterEid/name/type/baseName/plus/opts/traits/possibleOpts/grantSkills/locked/source/custom metadata"
"52","絹のローブ","体","ローブ","20","30","{""def"":4,""mag"":5,""mdef"":5}","{""def"":6,""mag"":8,""mdef"":8}","id/eid/masterEid/name/type/baseName/plus/opts/traits/possibleOpts/grantSkills/locked/source/custom metadata"
"53","鋼のブーツ","足","ブーツ","20","30","{""def"":4,""spd"":4}","{""def"":6,""spd"":6}","id/eid/masterEid/name/type/baseName/plus/opts/traits/possibleOpts/grantSkills/locked/source/custom metadata"
"54","ラバーソール","足","くつ","20","30","{""spd"":7,""eva"":5}","{""spd"":9,""eva"":5}","id/eid/masterEid/name/type/baseName/plus/opts/traits/possibleOpts/grantSkills/locked/source/custom metadata"
"61","はがねのつるぎ","武器","剣","30","40","{""atk"":12,""hit"":10}","{""atk"":15,""hit"":10}","id/eid/masterEid/name/type/baseName/plus/opts/traits/possibleOpts/grantSkills/locked/source/custom metadata"
"62","鋼鉄のギロチン","武器","斧","30","40","{""atk"":16,""spd"":-4,""hit"":-10}","{""atk"":20,""spd"":-4,""hit"":-10}","id/eid/masterEid/name/type/baseName/plus/opts/traits/possibleOpts/grantSkills/locked/source/custom metadata"
"63","アサシンダガー","武器","短剣","30","40","{""atk"":8,""mag"":8,""cri"":5,""attack_InstantDeath"":2}","{""atk"":10,""mag"":10,""cri"":5,""attack_InstantDeath"":2}","id/eid/masterEid/name/type/baseName/plus/opts/traits/possibleOpts/grantSkills/locked/source/custom metadata"
"64","まどろみの杖","武器","杖","30","40","{""mag"":15}","{""mag"":18}","id/eid/masterEid/name/type/baseName/plus/opts/traits/possibleOpts/grantSkills/locked/source/custom metadata"
"65","はがねのやり","武器","槍","30","40","{""atk"":14}","{""atk"":18}","id/eid/masterEid/name/type/baseName/plus/opts/traits/possibleOpts/grantSkills/locked/source/custom metadata"
"66","ロングボウ","武器","弓","30","40","{""atk"":14,""cri"":7,""hit"":-15}","{""atk"":18,""cri"":7,""hit"":-15}","id/eid/masterEid/name/type/baseName/plus/opts/traits/possibleOpts/grantSkills/locked/source/custom metadata"
"67","はがねのたて","盾","盾","30","40","{""def"":11,""mdef"":8}","{""def"":14,""mdef"":11}","id/eid/masterEid/name/type/baseName/plus/opts/traits/possibleOpts/grantSkills/locked/source/custom metadata"
"68","鋼鉄の腕輪","盾","腕輪","30","40","{""atk"":6,""def"":8,""mag"":6,""mdef"":9}","{""atk"":8,""def"":10,""mag"":8,""mdef"":11}","id/eid/masterEid/name/type/baseName/plus/opts/traits/possibleOpts/grantSkills/locked/source/custom metadata"
"69","はがねのかぶと","頭","兜","30","40","{""def"":8,""mdef"":5,""hp"":16,""mp"":17}","{""def"":10,""mdef"":7,""hp"":20,""mp"":22}","id/eid/masterEid/name/type/baseName/plus/opts/traits/possibleOpts/grantSkills/locked/source/custom metadata"
"70","銀の髪飾り","頭","帽子","30","40","{""def"":5,""mdef"":8,""hp"":17,""mp"":16}","{""def"":7,""mdef"":10,""hp"":22,""mp"":20}","id/eid/masterEid/name/type/baseName/plus/opts/traits/possibleOpts/grantSkills/locked/source/custom metadata"
"71","鉄のよろい","体","鎧","30","40","{""def"":9,""mdef"":6,""finRed"":5}","{""def"":12,""mdef"":8,""finRed"":5}","id/eid/masterEid/name/type/baseName/plus/opts/traits/possibleOpts/grantSkills/locked/source/custom metadata"
"72","魔道士の服","体","ローブ","30","40","{""def"":6,""mag"":8,""mdef"":8}","{""def"":8,""mag"":10,""mdef"":10}","id/eid/masterEid/name/type/baseName/plus/opts/traits/possibleOpts/grantSkills/locked/source/custom metadata"
"73","銀のブーツ","足","ブーツ","30","40","{""def"":6,""spd"":6}","{""def"":8,""spd"":8}","id/eid/masterEid/name/type/baseName/plus/opts/traits/possibleOpts/grantSkills/locked/source/custom metadata"
"74","俊足のサンダル","足","くつ","30","40","{""spd"":9,""eva"":5}","{""spd"":12,""eva"":5}","id/eid/masterEid/name/type/baseName/plus/opts/traits/possibleOpts/grantSkills/locked/source/custom metadata"
"81","破邪の剣","武器","剣","40","50","{""atk"":15,""hit"":10,""elmAtk"":{""光"":10}}","{""atk"":18,""hit"":10,""elmAtk"":{""光"":10}}","id/eid/masterEid/name/type/baseName/plus/opts/traits/possibleOpts/grantSkills/locked/source/custom metadata"
"82","大地のオノ","武器","斧","40","50","{""atk"":20,""spd"":-5,""hit"":-10,""elmAtk"":{""火"":10}}","{""atk"":24,""spd"":-5,""hit"":-10,""elmAtk"":{""火"":10}}","id/eid/masterEid/name/type/baseName/plus/opts/traits/possibleOpts/grantSkills/locked/source/custom metadata"
"83","ミスリルナイフ","武器","短剣","40","50","{""atk"":10,""mag"":10,""cri"":5}","{""atk"":12,""mag"":12,""cri"":5}","id/eid/masterEid/name/type/baseName/plus/opts/traits/possibleOpts/grantSkills/locked/source/custom metadata"
"84","ホーリーランス","武器","槍","40","50","{""atk"":18,""finRed"":5,""elmAtk"":{""光"":10}}","{""atk"":21,""finRed"":5,""elmAtk"":{""光"":10}}","id/eid/masterEid/name/type/baseName/plus/opts/traits/possibleOpts/grantSkills/locked/source/custom metadata"
"85","狩人の弓","武器","弓","40","50","{""atk"":18,""cri"":10,""hit"":-15,""attack_Poison"":10}","{""atk"":21,""cri"":10,""hit"":-15,""attack_Poison"":10}","id/eid/masterEid/name/type/baseName/plus/opts/traits/possibleOpts/grantSkills/locked/source/custom metadata"
"86","マジカルスタッフ","武器","杖","40","50","{""mag"":18}","{""mag"":22}","id/eid/masterEid/name/type/baseName/plus/opts/traits/possibleOpts/grantSkills/locked/source/custom metadata"
"87","魔法の盾","盾","盾","40","50","{""def"":14,""mdef"":11}","{""def"":17,""mdef"":13}","id/eid/masterEid/name/type/baseName/plus/opts/traits/possibleOpts/grantSkills/locked/source/custom metadata"
"88","黄金のブレスレット","盾","腕輪","40","50","{""atk"":8,""def"":10,""mag"":8,""mdef"":11}","{""atk"":10,""def"":12,""mag"":10,""mdef"":14}","id/eid/masterEid/name/type/baseName/plus/opts/traits/possibleOpts/grantSkills/locked/source/custom metadata"
"89","知力の兜","頭","兜","40","50","{""def"":10,""mdef"":7,""hp"":20,""mp"":22}","{""def"":12,""mdef"":8,""hp"":24,""mp"":26}","id/eid/masterEid/name/type/baseName/plus/opts/traits/possibleOpts/grantSkills/locked/source/custom metadata"
"90","黄金のティアラ","頭","帽子","40","50","{""def"":7,""mdef"":10,""hp"":22,""mp"":20}","{""def"":8,""mdef"":12,""hp"":26,""mp"":24}","id/eid/masterEid/name/type/baseName/plus/opts/traits/possibleOpts/grantSkills/locked/source/custom metadata"
"91","はがねのよろい","体","鎧","40","50","{""def"":12,""mdef"":8,""finRed"":8}","{""def"":14,""mdef"":10,""finRed"":8}","id/eid/masterEid/name/type/baseName/plus/opts/traits/possibleOpts/grantSkills/locked/source/custom metadata"
"92","魔法の法衣","体","ローブ","40","50","{""def"":8,""mag"":10,""mdef"":10,""elmRes"":{""光"":5}}","{""def"":10,""mag"":12,""mdef"":12,""elmRes"":{""光"":5}}","id/eid/masterEid/name/type/baseName/plus/opts/traits/possibleOpts/grantSkills/locked/source/custom metadata"
"93","黄金のグリーヴ","足","ブーツ","40","50","{""def"":8,""spd"":8}","{""def"":10,""spd"":10}","id/eid/masterEid/name/type/baseName/plus/opts/traits/possibleOpts/grantSkills/locked/source/custom metadata"
"94","魔法のサンダル","足","くつ","40","50","{""spd"":12,""eva"":5}","{""spd"":14,""eva"":5}","id/eid/masterEid/name/type/baseName/plus/opts/traits/possibleOpts/grantSkills/locked/source/custom metadata"
"101","ドラゴンキラー","武器","剣","50","60","{""atk"":18,""hit"":10}","{""atk"":22,""hit"":10}","id/eid/masterEid/name/type/baseName/plus/opts/traits/possibleOpts/grantSkills/locked/source/custom metadata"
"102","魔神のオノ","武器","斧","50","60","{""atk"":24,""spd"":-5,""cri"":30,""hit"":-30}","{""atk"":30,""spd"":-5,""cri"":30,""hit"":-30}","id/eid/masterEid/name/type/baseName/plus/opts/traits/possibleOpts/grantSkills/locked/source/custom metadata"
"103","グラディウス","武器","短剣","50","60","{""atk"":12,""mag"":12,""cri"":5}","{""atk"":16,""mag"":16,""cri"":5}","id/eid/masterEid/name/type/baseName/plus/opts/traits/possibleOpts/grantSkills/locked/source/custom metadata"
"104","賢者の杖","武器","杖","50","60","{""mag"":22}","{""mag"":28}","id/eid/masterEid/name/type/baseName/plus/opts/traits/possibleOpts/grantSkills/locked/source/custom metadata"
"105","トライデント","武器","槍","50","60","{""atk"":21,""elmAtk"":{""水"":10}}","{""atk"":26,""elmAtk"":{""水"":10}}","id/eid/masterEid/name/type/baseName/plus/opts/traits/possibleOpts/grantSkills/locked/source/custom metadata"
"106","コンポジットボウ","武器","弓","50","60","{""atk"":21,""cri"":12,""hit"":-15}","{""atk"":26,""cri"":12,""hit"":-15}","id/eid/masterEid/name/type/baseName/plus/opts/traits/possibleOpts/grantSkills/locked/source/custom metadata"
"107","ドラゴンシールド","盾","盾","50","60","{""def"":17,""mdef"":13}","{""def"":21,""mdef"":16}","id/eid/masterEid/name/type/baseName/plus/opts/traits/possibleOpts/grantSkills/locked/source/custom metadata"
"108","竜のうろこ","盾","腕輪","50","60","{""atk"":10,""def"":12,""mag"":10,""mdef"":14}","{""atk"":12,""def"":15,""mag"":12,""mdef"":17}","id/eid/masterEid/name/type/baseName/plus/opts/traits/possibleOpts/grantSkills/locked/source/custom metadata"
"109","ミスリルヘルム","頭","兜","50","60","{""def"":12,""mdef"":8,""hp"":24,""mp"":26}","{""def"":15,""mdef"":10,""hp"":29,""mp"":31}","id/eid/masterEid/name/type/baseName/plus/opts/traits/possibleOpts/grantSkills/locked/source/custom metadata"
"110","司祭の帽子","頭","帽子","50","60","{""def"":8,""mdef"":12,""hp"":26,""mp"":24}","{""def"":10,""mdef"":15,""hp"":31,""mp"":29}","id/eid/masterEid/name/type/baseName/plus/opts/traits/possibleOpts/grantSkills/locked/source/custom metadata"
"111","魔法の鎧","体","鎧","50","60","{""def"":14,""mdef"":10,""finRed"":10}","{""def"":17,""mdef"":12,""finRed"":10}","id/eid/masterEid/name/type/baseName/plus/opts/traits/possibleOpts/grantSkills/locked/source/custom metadata"
"112","賢者のローブ","体","ローブ","50","60","{""def"":10,""mag"":12,""mdef"":12,""elmRes"":{""火"":5,""水"":5,""風"":5,""雷"":5}}","{""def"":12,""mag"":15,""mdef"":15,""elmRes"":{""火"":5,""水"":5,""風"":5,""雷"":5}}","id/eid/masterEid/name/type/baseName/plus/opts/traits/possibleOpts/grantSkills/locked/source/custom metadata"
"113","ミスリルブーツ","足","ブーツ","50","60","{""def"":10,""spd"":10}","{""def"":12,""spd"":12}","id/eid/masterEid/name/type/baseName/plus/opts/traits/possibleOpts/grantSkills/locked/source/custom metadata"
"114","フェザーシューズ","足","くつ","50","60","{""spd"":14,""eva"":5}","{""spd"":17,""eva"":5}","id/eid/masterEid/name/type/baseName/plus/opts/traits/possibleOpts/grantSkills/locked/source/custom metadata"
"121","プラチナソード","武器","剣","60","70","{""atk"":22,""hit"":10}","{""atk"":27,""hit"":10}","id/eid/masterEid/name/type/baseName/plus/opts/traits/possibleOpts/grantSkills/locked/source/custom metadata"
"122","覇者の大斧","武器","斧","60","70","{""atk"":30,""spd"":-6,""hit"":-10}","{""atk"":35,""spd"":-6,""hit"":-10}","id/eid/masterEid/name/type/baseName/plus/opts/traits/possibleOpts/grantSkills/locked/source/custom metadata"
"123","ソウルブレイカー","武器","短剣","60","70","{""atk"":16,""mag"":16,""cri"":5,""attack_Fear"":10}","{""atk"":19,""mag"":19,""cri"":5,""attack_Fear"":10}","id/eid/masterEid/name/type/baseName/plus/opts/traits/possibleOpts/grantSkills/locked/source/custom metadata"
"124","大賢者の杖","武器","杖","60","70","{""mag"":28}","{""mag"":33}","id/eid/masterEid/name/type/baseName/plus/opts/traits/possibleOpts/grantSkills/locked/source/custom metadata"
"125","プラチナランス","武器","槍","60","70","{""atk"":26}","{""atk"":31}","id/eid/masterEid/name/type/baseName/plus/opts/traits/possibleOpts/grantSkills/locked/source/custom metadata"
"126","プラチナボウ","武器","弓","60","70","{""atk"":26,""cri"":15,""hit"":-15}","{""atk"":31,""cri"":15,""hit"":-15}","id/eid/masterEid/name/type/baseName/plus/opts/traits/possibleOpts/grantSkills/locked/source/custom metadata"
"127","プラチナシールド","盾","盾","60","70","{""def"":21,""mdef"":16,""resists_Debuff"":5}","{""def"":24,""mdef"":19,""resists_Debuff"":5}","id/eid/masterEid/name/type/baseName/plus/opts/traits/possibleOpts/grantSkills/locked/source/custom metadata"
"128","ミスリルバングル","盾","腕輪","60","70","{""atk"":12,""def"":15,""mag"":12,""mdef"":17}","{""atk"":15,""def"":18,""mag"":15,""mdef"":20}","id/eid/masterEid/name/type/baseName/plus/opts/traits/possibleOpts/grantSkills/locked/source/custom metadata"
"129","プラチナヘッド","頭","兜","60","70","{""def"":15,""mdef"":10,""hp"":29,""mp"":31}","{""def"":17,""mdef"":12,""hp"":34,""mp"":36}","id/eid/masterEid/name/type/baseName/plus/opts/traits/possibleOpts/grantSkills/locked/source/custom metadata"
"130","賢者のターバン","頭","帽子","60","70","{""def"":10,""mdef"":15,""hp"":31,""mp"":29}","{""def"":12,""mdef"":17,""hp"":36,""mp"":34}","id/eid/masterEid/name/type/baseName/plus/opts/traits/possibleOpts/grantSkills/locked/source/custom metadata"
"131","ドラゴンメイル","体","鎧","60","70","{""def"":17,""mdef"":12,""elmRes"":{""火"":10}}","{""def"":20,""mdef"":14,""elmRes"":{""火"":10}}","id/eid/masterEid/name/type/baseName/plus/opts/traits/possibleOpts/grantSkills/locked/source/custom metadata"
"132","ミスリルケープ","体","ローブ","60","70","{""def"":12,""mag"":15,""mdef"":15}","{""def"":14,""mag"":18,""mdef"":18}","id/eid/masterEid/name/type/baseName/plus/opts/traits/possibleOpts/grantSkills/locked/source/custom metadata"
"133","竜のブーツ","足","ブーツ","60","70","{""def"":12,""spd"":12}","{""def"":15,""spd"":15}","id/eid/masterEid/name/type/baseName/plus/opts/traits/possibleOpts/grantSkills/locked/source/custom metadata"
"134","エルフのサンダル","足","くつ","60","70","{""spd"":17,""eva"":5}","{""spd"":20,""eva"":5}","id/eid/masterEid/name/type/baseName/plus/opts/traits/possibleOpts/grantSkills/locked/source/custom metadata"
"141","隼の剣","武器","剣","70","80","{""atk"":27,""hit"":10,""eva"":10}","{""atk"":31,""hit"":10,""eva"":10}","id/eid/masterEid/name/type/baseName/plus/opts/traits/possibleOpts/grantSkills/locked/source/custom metadata"
"142","破壊の鉄球","武器","斧","70","80","{""atk"":35,""spd"":-6,""hit"":-10}","{""atk"":41,""spd"":-6,""hit"":-10}","id/eid/masterEid/name/type/baseName/plus/opts/traits/possibleOpts/grantSkills/locked/source/custom metadata"
"143","フェニックスダガー","武器","短剣","70","80","{""atk"":19,""mag"":19,""cri"":5,""elmAtk"":{""火"":10}}","{""atk"":23,""mag"":23,""cri"":5,""elmAtk"":{""火"":10}}","id/eid/masterEid/name/type/baseName/plus/opts/traits/possibleOpts/grantSkills/locked/source/custom metadata"
"144","精霊の杖","武器","杖","70","80","{""mag"":33,""elmAtk"":{""火"":5,""水"":5,""風"":5,""雷"":5}}","{""mag"":39,""elmAtk"":{""火"":5,""水"":5,""風"":5,""雷"":5}}","id/eid/masterEid/name/type/baseName/plus/opts/traits/possibleOpts/grantSkills/locked/source/custom metadata"
"145","竜の髭","武器","槍","70","80","{""atk"":31,""elmAtk"":{""火"":10}}","{""atk"":35,""elmAtk"":{""火"":10}}","id/eid/masterEid/name/type/baseName/plus/opts/traits/possibleOpts/grantSkills/locked/source/custom metadata"
"146","風の弓","武器","弓","70","80","{""atk"":31,""cri"":18,""hit"":-15,""elmAtk"":{""風"":10}}","{""atk"":35,""cri"":18,""hit"":-15,""elmAtk"":{""風"":10}}","id/eid/masterEid/name/type/baseName/plus/opts/traits/possibleOpts/grantSkills/locked/source/custom metadata"
"147","鏡の盾","盾","盾","70","80","{""def"":24,""mdef"":19,""elmRes"":{""光"":10}}","{""def"":28,""mdef"":21,""elmRes"":{""光"":10}}","id/eid/masterEid/name/type/baseName/plus/opts/traits/possibleOpts/grantSkills/locked/source/custom metadata"
"148","守りのルーン","盾","腕輪","70","80","{""atk"":15,""def"":18,""mag"":15,""mdef"":20,""resists_Debuff"":10}","{""atk"":17,""def"":20,""mag"":17,""mdef"":24,""resists_Debuff"":10}","id/eid/masterEid/name/type/baseName/plus/opts/traits/possibleOpts/grantSkills/locked/source/custom metadata"
"149","隼の兜","頭","兜","70","80","{""def"":17,""mdef"":12,""hp"":34,""mp"":36}","{""def"":20,""mdef"":13,""hp"":38,""mp"":42}","id/eid/masterEid/name/type/baseName/plus/opts/traits/possibleOpts/grantSkills/locked/source/custom metadata"
"150","精霊の帽子","頭","帽子","70","80","{""def"":12,""mdef"":17,""hp"":36,""mp"":34}","{""def"":13,""mdef"":20,""hp"":42,""mp"":38}","id/eid/masterEid/name/type/baseName/plus/opts/traits/possibleOpts/grantSkills/locked/source/custom metadata"
"151","刃のよろい","体","鎧","70","80","{""def"":20,""mdef"":14}","{""def"":23,""mdef"":17}","id/eid/masterEid/name/type/baseName/plus/opts/traits/possibleOpts/grantSkills/locked/source/custom metadata"
"152","天使のローブ","体","ローブ","70","80","{""def"":14,""mag"":18,""mdef"":18,""elmRes"":{""光"":10}}","{""def"":17,""mag"":20,""mdef"":21,""elmRes"":{""光"":10}}","id/eid/masterEid/name/type/baseName/plus/opts/traits/possibleOpts/grantSkills/locked/source/custom metadata"
"153","天使のブーツ","足","ブーツ","70","80","{""def"":15,""spd"":15}","{""def"":17,""spd"":17}","id/eid/masterEid/name/type/baseName/plus/opts/traits/possibleOpts/grantSkills/locked/source/custom metadata"
"154","韋駄天のくつ","足","くつ","70","80","{""spd"":20,""eva"":5}","{""spd"":24,""eva"":5}","id/eid/masterEid/name/type/baseName/plus/opts/traits/possibleOpts/grantSkills/locked/source/custom metadata"
"161","ロンリーメタルの剣","武器","剣","80","90","{""atk"":31,""cri"":10,""hit"":10}","{""atk"":36,""cri"":10,""hit"":10}","id/eid/masterEid/name/type/baseName/plus/opts/traits/possibleOpts/grantSkills/locked/source/custom metadata"
"162","ロンリーメタルのオノ","武器","斧","80","90","{""atk"":41,""spd"":-6,""hit"":-10,""attack_Fear"":10}","{""atk"":46,""spd"":-6,""hit"":-10,""attack_Fear"":10}","id/eid/masterEid/name/type/baseName/plus/opts/traits/possibleOpts/grantSkills/locked/source/custom metadata"
"163","ロンリーメタルの短剣","武器","短剣","80","90","{""atk"":23,""mag"":23,""cri"":5,""attack_Poison"":15}","{""atk"":26,""mag"":26,""cri"":5,""attack_Poison"":15}","id/eid/masterEid/name/type/baseName/plus/opts/traits/possibleOpts/grantSkills/locked/source/custom metadata"
"164","ロンリーメタルの杖","武器","杖","80","90","{""mag"":39,""finDmg"":10}","{""mag"":44,""finDmg"":10}","id/eid/masterEid/name/type/baseName/plus/opts/traits/possibleOpts/grantSkills/locked/source/custom metadata"
"165","ロンリーメタルのやり","武器","槍","80","90","{""atk"":35,""cri"":5,""hit"":5}","{""atk"":40,""cri"":5,""hit"":5}","id/eid/masterEid/name/type/baseName/plus/opts/traits/possibleOpts/grantSkills/locked/source/custom metadata"
"166","ロンリーメタルの弓","武器","弓","80","90","{""atk"":35,""cri"":20,""hit"":-15}","{""atk"":40,""cri"":20,""hit"":-15}","id/eid/masterEid/name/type/baseName/plus/opts/traits/possibleOpts/grantSkills/locked/source/custom metadata"
"167","ロンリーメタルの盾","盾","盾","80","90","{""def"":28,""mdef"":21,""elmRes"":{""火"":10,""水"":10,""風"":10,""雷"":10}}","{""def"":31,""mdef"":24,""elmRes"":{""火"":10,""水"":10,""風"":10,""雷"":10}}","id/eid/masterEid/name/type/baseName/plus/opts/traits/possibleOpts/grantSkills/locked/source/custom metadata"
"168","ロンリーメタルの腕輪","盾","腕輪","80","90","{""atk"":17,""def"":20,""mag"":17,""mdef"":24}","{""atk"":20,""def"":23,""mag"":20,""mdef"":27}","id/eid/masterEid/name/type/baseName/plus/opts/traits/possibleOpts/grantSkills/locked/source/custom metadata"
"169","ロンリーメタルヘルム","頭","兜","80","90","{""def"":20,""mdef"":13,""hp"":38,""mp"":42,""resists_Fear"":10}","{""def"":22,""mdef"":15,""hp"":43,""mp"":47,""resists_Fear"":10}","id/eid/masterEid/name/type/baseName/plus/opts/traits/possibleOpts/grantSkills/locked/source/custom metadata"
"170","ロンリーメタルの帽子","頭","帽子","80","90","{""def"":13,""mdef"":20,""hp"":42,""mp"":38}","{""def"":15,""mdef"":22,""hp"":47,""mp"":43}","id/eid/masterEid/name/type/baseName/plus/opts/traits/possibleOpts/grantSkills/locked/source/custom metadata"
"171","ロンリーメタルの鎧","体","鎧","80","90","{""def"":23,""mdef"":17,""finRed"":10}","{""def"":26,""mdef"":19,""finRed"":10}","id/eid/masterEid/name/type/baseName/plus/opts/traits/possibleOpts/grantSkills/locked/source/custom metadata"
"172","ロンリーメタルのローブ","体","ローブ","80","90","{""def"":17,""mag"":20,""mdef"":21}","{""def"":19,""mag"":23,""mdef"":24}","id/eid/masterEid/name/type/baseName/plus/opts/traits/possibleOpts/grantSkills/locked/source/custom metadata"
"173","ロンリーメタルのブーツ","足","ブーツ","80","90","{""def"":17,""spd"":17}","{""def"":20,""spd"":20}","id/eid/masterEid/name/type/baseName/plus/opts/traits/possibleOpts/grantSkills/locked/source/custom metadata"
"174","ロンリーメタルのくつ","足","くつ","80","90","{""spd"":24,""eva"":5}","{""spd"":27,""eva"":5}","id/eid/masterEid/name/type/baseName/plus/opts/traits/possibleOpts/grantSkills/locked/source/custom metadata"
"181","真魔剛竜剣","武器","剣","90","100","{""atk"":36,""hit"":10,""elmAtk"":{""雷"":10}}","{""atk"":40,""hit"":10,""elmAtk"":{""雷"":10}}","id/eid/masterEid/name/type/baseName/plus/opts/traits/possibleOpts/grantSkills/locked/source/custom metadata"
"182","ギガントアックス","武器","斧","90","100","{""atk"":46,""spd"":-7,""hit"":-10,""attack_Fear"":10}","{""atk"":52,""spd"":-7,""hit"":-10,""attack_Fear"":10}","id/eid/masterEid/name/type/baseName/plus/opts/traits/possibleOpts/grantSkills/locked/source/custom metadata"
"183","神速の暗器","武器","短剣","90","100","{""atk"":26,""mag"":26,""cri"":5,""elmAtk"":{""雷"":10},""attack_Poison"":15,""attack_InstantDeath"":2}","{""atk"":30,""mag"":30,""cri"":5,""elmAtk"":{""雷"":10},""attack_Poison"":15,""attack_InstantDeath"":2}","id/eid/masterEid/name/type/baseName/plus/opts/traits/possibleOpts/grantSkills/locked/source/custom metadata"
"184","ドラゴンの杖","武器","杖","90","100","{""mag"":44,""elmAtk"":{""火"":10}}","{""mag"":50,""elmAtk"":{""火"":10}}","id/eid/masterEid/name/type/baseName/plus/opts/traits/possibleOpts/grantSkills/locked/source/custom metadata"
"185","ゲイボルグ","武器","槍","90","100","{""atk"":40,""finDmg"":5}","{""atk"":45,""finDmg"":5}","id/eid/masterEid/name/type/baseName/plus/opts/traits/possibleOpts/grantSkills/locked/source/custom metadata"
"186","アルテミスの弓","武器","弓","90","100","{""atk"":40,""cri"":20,""hit"":-15,""elmAtk"":{""光"":10}}","{""atk"":45,""cri"":20,""hit"":-15,""elmAtk"":{""光"":10}}","id/eid/masterEid/name/type/baseName/plus/opts/traits/possibleOpts/grantSkills/locked/source/custom metadata"
"187","覇者の盾","盾","盾","90","100","{""def"":31,""mdef"":24,""resists_Debuff"":15}","{""def"":35,""mdef"":27,""resists_Debuff"":15}","id/eid/masterEid/name/type/baseName/plus/opts/traits/possibleOpts/grantSkills/locked/source/custom metadata"
"188","覇者の紋章","盾","腕輪","90","100","{""atk"":20,""def"":23,""mag"":20,""mdef"":27}","{""atk"":22,""def"":26,""mag"":22,""mdef"":30}","id/eid/masterEid/name/type/baseName/plus/opts/traits/possibleOpts/grantSkills/locked/source/custom metadata"
"189","天獄の兜","頭","兜","90","100","{""def"":22,""mdef"":15,""hp"":43,""mp"":47}","{""def"":25,""mdef"":17,""hp"":48,""mp"":52}","id/eid/masterEid/name/type/baseName/plus/opts/traits/possibleOpts/grantSkills/locked/source/custom metadata"
"190","星天のティアラ","頭","帽子","90","100","{""def"":15,""mdef"":22,""hp"":47,""mp"":43,""resists_SpellSeal"":10}","{""def"":17,""mdef"":25,""hp"":52,""mp"":48,""resists_SpellSeal"":10}","id/eid/masterEid/name/type/baseName/plus/opts/traits/possibleOpts/grantSkills/locked/source/custom metadata"
"191","覇王の鎧","体","鎧","90","100","{""def"":26,""mdef"":19,""finRed"":10}","{""def"":29,""mdef"":21,""finRed"":10}","id/eid/masterEid/name/type/baseName/plus/opts/traits/possibleOpts/grantSkills/locked/source/custom metadata"
"192","プリンセスローブ","体","ローブ","90","100","{""def"":19,""mag"":23,""mdef"":24,""elmRes"":{""光"":15,""闇"":15}}","{""def"":21,""mag"":26,""mdef"":27,""elmRes"":{""光"":15,""闇"":15}}","id/eid/masterEid/name/type/baseName/plus/opts/traits/possibleOpts/grantSkills/locked/source/custom metadata"
"193","冥府のグリーヴ","足","ブーツ","90","100","{""def"":20,""spd"":20,""elmRes"":{""闇"":15}}","{""def"":22,""spd"":22,""elmRes"":{""闇"":15}}","id/eid/masterEid/name/type/baseName/plus/opts/traits/possibleOpts/grantSkills/locked/source/custom metadata"
"194","ペガサスの靴","足","くつ","90","100","{""spd"":27,""eva"":5}","{""spd"":30,""eva"":5}","id/eid/masterEid/name/type/baseName/plus/opts/traits/possibleOpts/grantSkills/locked/source/custom metadata"
"201","王者の剣","武器","剣","100","110","{""atk"":40,""hit"":10,""elmAtk"":{""風"":10},""attack_Fear"":10}","{""atk"":45,""hit"":10,""elmAtk"":{""風"":10},""attack_Fear"":10}","id/eid/masterEid/name/type/baseName/plus/opts/traits/possibleOpts/grantSkills/locked/source/custom metadata"
"202","天罰の巨斧","武器","斧","100","110","{""atk"":52,""spd"":-9,""hit"":-10,""elmAtk"":{""雷"":10},""attack_Fear"":10}","{""atk"":59,""spd"":-9,""hit"":-10,""elmAtk"":{""雷"":10},""attack_Fear"":10}","id/eid/masterEid/name/type/baseName/plus/opts/traits/possibleOpts/grantSkills/locked/source/custom metadata"
"203","トリトンダガー","武器","短剣","100","110","{""atk"":30,""mag"":30,""cri"":10,""attack_Poison"":15}","{""atk"":34,""mag"":34,""cri"":10,""attack_Poison"":15}","id/eid/masterEid/name/type/baseName/plus/opts/traits/possibleOpts/grantSkills/locked/source/custom metadata"
"204","神鳥の杖","武器","杖","100","110","{""mag"":50,""finDmg"":10}","{""mag"":56,""finDmg"":10}","id/eid/masterEid/name/type/baseName/plus/opts/traits/possibleOpts/grantSkills/locked/source/custom metadata"
"205","聖槍ロンギヌス","武器","槍","100","110","{""atk"":45,""elmAtk"":{""光"":15}}","{""atk"":51,""elmAtk"":{""光"":15}}","id/eid/masterEid/name/type/baseName/plus/opts/traits/possibleOpts/grantSkills/locked/source/custom metadata"
"206","天之麻迦古弓","武器","弓","100","110","{""atk"":45,""cri"":20,""hit"":-15,""attack_InstantDeath"":5}","{""atk"":51,""cri"":20,""hit"":-15,""attack_InstantDeath"":5}","id/eid/masterEid/name/type/baseName/plus/opts/traits/possibleOpts/grantSkills/locked/source/custom metadata"
"207","地獄の盾","盾","盾","100","110","{""def"":35,""mdef"":27,""elmRes"":{""闇"":20}}","{""def"":39,""mdef"":30,""elmRes"":{""闇"":20}}","id/eid/masterEid/name/type/baseName/plus/opts/traits/possibleOpts/grantSkills/locked/source/custom metadata"
"208","神の腕輪","盾","腕輪","100","110","{""atk"":22,""def"":26,""mag"":22,""mdef"":30,""finDmg"":5}","{""atk"":24,""def"":29,""mag"":24,""mdef"":33,""finDmg"":5}","id/eid/masterEid/name/type/baseName/plus/opts/traits/possibleOpts/grantSkills/locked/source/custom metadata"
"209","天帝の冠","頭","兜","100","110","{""def"":25,""mdef"":17,""hp"":48,""mp"":52,""resists_Fear"":20}","{""def"":28,""mdef"":19,""hp"":53,""mp"":58,""resists_Fear"":20}","id/eid/masterEid/name/type/baseName/plus/opts/traits/possibleOpts/grantSkills/locked/source/custom metadata"
"210","神の知恵袋","頭","帽子","100","110","{""def"":17,""mdef"":25,""hp"":52,""mp"":48,""resists_SpellSeal"":20}","{""def"":19,""mdef"":28,""hp"":58,""mp"":53,""resists_SpellSeal"":20}","id/eid/masterEid/name/type/baseName/plus/opts/traits/possibleOpts/grantSkills/locked/source/custom metadata"
"211","天のゼウスメイル","体","鎧","100","110","{""def"":29,""mdef"":21,""finRed"":10,""elmRes"":{""雷"":20}}","{""def"":32,""mdef"":23,""finRed"":10,""elmRes"":{""雷"":20}}","id/eid/masterEid/name/type/baseName/plus/opts/traits/possibleOpts/grantSkills/locked/source/custom metadata"
"212","常世の法衣","体","ローブ","100","110","{""def"":21,""mag"":26,""mdef"":27,""elmRes"":{""闇"":20}}","{""def"":23,""mag"":29,""mdef"":30,""elmRes"":{""闇"":20}}","id/eid/masterEid/name/type/baseName/plus/opts/traits/possibleOpts/grantSkills/locked/source/custom metadata"
"213","オーディンレッグ","足","ブーツ","100","110","{""def"":22,""spd"":22}","{""def"":24,""spd"":24}","id/eid/masterEid/name/type/baseName/plus/opts/traits/possibleOpts/grantSkills/locked/source/custom metadata"
"214","神速の具足","足","くつ","100","110","{""spd"":30,""eva"":10}","{""spd"":33,""eva"":10}","id/eid/masterEid/name/type/baseName/plus/opts/traits/possibleOpts/grantSkills/locked/source/custom metadata"
"221","英雄の剣","武器","剣","110","120","{""atk"":45,""hit"":10}","{""atk"":50,""hit"":10}","id/eid/masterEid/name/type/baseName/plus/opts/traits/possibleOpts/grantSkills/locked/source/custom metadata"
"222","覇者の大斧","武器","斧","110","120","{""atk"":59,""spd"":-10,""hit"":-10,""attack_Fear"":10}","{""atk"":65,""spd"":-10,""hit"":-10,""attack_Fear"":10}","id/eid/masterEid/name/type/baseName/plus/opts/traits/possibleOpts/grantSkills/locked/source/custom metadata"
"223","飛燕のダガー","武器","短剣","110","120","{""atk"":34,""mag"":34,""cri"":10,""attack_Poison"":15}","{""atk"":38,""mag"":38,""cri"":10,""attack_Poison"":15}","id/eid/masterEid/name/type/baseName/plus/opts/traits/possibleOpts/grantSkills/locked/source/custom metadata"
"224","大賢者の杖","武器","杖","110","120","{""mag"":56}","{""mag"":63}","id/eid/masterEid/name/type/baseName/plus/opts/traits/possibleOpts/grantSkills/locked/source/custom metadata"
"225","英雄の槍","武器","槍","110","120","{""atk"":51,""finRed"":5}","{""atk"":56,""finRed"":5}","id/eid/masterEid/name/type/baseName/plus/opts/traits/possibleOpts/grantSkills/locked/source/custom metadata"
"226","英雄の弓","武器","弓","110","120","{""atk"":51,""cri"":25,""hit"":-20}","{""atk"":56,""cri"":25,""hit"":-20}","id/eid/masterEid/name/type/baseName/plus/opts/traits/possibleOpts/grantSkills/locked/source/custom metadata"
"227","英雄の盾","盾","盾","110","120","{""def"":39,""mdef"":30,""resists_Debuff"":20}","{""def"":42,""mdef"":32,""resists_Debuff"":20}","id/eid/masterEid/name/type/baseName/plus/opts/traits/possibleOpts/grantSkills/locked/source/custom metadata"
"228","英雄の腕輪","盾","腕輪","110","120","{""atk"":24,""def"":29,""mag"":24,""mdef"":33}","{""atk"":27,""def"":32,""mag"":27,""mdef"":36}","id/eid/masterEid/name/type/baseName/plus/opts/traits/possibleOpts/grantSkills/locked/source/custom metadata"
"229","英雄の兜","頭","兜","110","120","{""def"":28,""mdef"":19,""hp"":53,""mp"":58}","{""def"":30,""mdef"":21,""hp"":59,""mp"":63}","id/eid/masterEid/name/type/baseName/plus/opts/traits/possibleOpts/grantSkills/locked/source/custom metadata"
"230","賢者の帽子","頭","帽子","110","120","{""def"":19,""mdef"":28,""hp"":58,""mp"":53}","{""def"":21,""mdef"":30,""hp"":63,""mp"":59}","id/eid/masterEid/name/type/baseName/plus/opts/traits/possibleOpts/grantSkills/locked/source/custom metadata"
"231","英雄の鎧","体","鎧","110","120","{""def"":32,""mdef"":23,""finRed"":10}","{""def"":35,""mdef"":25,""finRed"":10}","id/eid/masterEid/name/type/baseName/plus/opts/traits/possibleOpts/grantSkills/locked/source/custom metadata"
"232","賢者のローブ","体","ローブ","110","120","{""def"":23,""mag"":29,""mdef"":30}","{""def"":25,""mag"":32,""mdef"":33}","id/eid/masterEid/name/type/baseName/plus/opts/traits/possibleOpts/grantSkills/locked/source/custom metadata"
"233","英雄のブーツ","足","ブーツ","110","120","{""def"":24,""spd"":24}","{""def"":27,""spd"":27}","id/eid/masterEid/name/type/baseName/plus/opts/traits/possibleOpts/grantSkills/locked/source/custom metadata"
"234","俊足の靴","足","くつ","110","120","{""spd"":33,""eva"":10}","{""spd"":36,""eva"":10}","id/eid/masterEid/name/type/baseName/plus/opts/traits/possibleOpts/grantSkills/locked/source/custom metadata"
"241","勇者のつるぎ","武器","剣","120","130","{""atk"":50,""hit"":10,""elmAtk"":{""雷"":15}}","{""atk"":56,""hit"":10,""elmAtk"":{""雷"":15}}","id/eid/masterEid/name/type/baseName/plus/opts/traits/possibleOpts/grantSkills/locked/source/custom metadata"
"242","覇王の戦斧","武器","斧","120","130","{""atk"":65,""spd"":-10,""hit"":-10,""attack_Fear"":10}","{""atk"":72,""spd"":-10,""hit"":-10,""attack_Fear"":10}","id/eid/masterEid/name/type/baseName/plus/opts/traits/possibleOpts/grantSkills/locked/source/custom metadata"
"243","オリハルコンナイフ","武器","短剣","120","130","{""atk"":38,""mag"":38,""cri"":10,""attack_InstantDeath"":3}","{""atk"":42,""mag"":42,""cri"":10,""attack_InstantDeath"":3}","id/eid/masterEid/name/type/baseName/plus/opts/traits/possibleOpts/grantSkills/locked/source/custom metadata"
"244","アルテマスタッフ","武器","杖","120","130","{""mag"":63}","{""mag"":69}","id/eid/masterEid/name/type/baseName/plus/opts/traits/possibleOpts/grantSkills/locked/source/custom metadata"
"245","勇者の槍","武器","槍","120","130","{""atk"":56,""hit"":10,""elmAtk"":{""風"":20}}","{""atk"":62,""hit"":10,""elmAtk"":{""風"":20}}","id/eid/masterEid/name/type/baseName/plus/opts/traits/possibleOpts/grantSkills/locked/source/custom metadata"
"246","勇者の弓","武器","弓","120","130","{""atk"":56,""cri"":25,""hit"":-20}","{""atk"":62,""cri"":25,""hit"":-20}","id/eid/masterEid/name/type/baseName/plus/opts/traits/possibleOpts/grantSkills/locked/source/custom metadata"
"247","女神の盾","盾","盾","120","130","{""def"":42,""mdef"":32,""elmRes"":{""火"":10,""水"":10,""風"":10,""雷"":10,""闇"":10,""光"":10},""resists_InstantDeath"":20,""resists_Debuff"":20}","{""def"":46,""mdef"":35,""elmRes"":{""火"":10,""水"":10,""風"":10,""雷"":10,""闇"":10,""光"":10},""resists_InstantDeath"":20,""resists_Debuff"":20}","id/eid/masterEid/name/type/baseName/plus/opts/traits/possibleOpts/grantSkills/locked/source/custom metadata"
"248","勇気の紋章","盾","腕輪","120","130","{""atk"":27,""def"":32,""mag"":27,""mdef"":36}","{""atk"":29,""def"":34,""mag"":29,""mdef"":39}","id/eid/masterEid/name/type/baseName/plus/opts/traits/possibleOpts/grantSkills/locked/source/custom metadata"
"249","王者の冠","頭","兜","120","130","{""def"":30,""mdef"":21,""hp"":59,""mp"":63,""resists_Fear"":25}","{""def"":33,""mdef"":22,""hp"":64,""mp"":69,""resists_Fear"":25}","id/eid/masterEid/name/type/baseName/plus/opts/traits/possibleOpts/grantSkills/locked/source/custom metadata"
"250","司教のミトラ","頭","帽子","120","130","{""def"":21,""mdef"":30,""hp"":63,""mp"":59,""resists_SpellSeal"":25}","{""def"":22,""mdef"":33,""hp"":69,""mp"":64,""resists_SpellSeal"":25}","id/eid/masterEid/name/type/baseName/plus/opts/traits/possibleOpts/grantSkills/locked/source/custom metadata"
"251","王者のマント","体","鎧","120","130","{""def"":35,""mdef"":25,""finRed"":15}","{""def"":38,""mdef"":28,""finRed"":15}","id/eid/masterEid/name/type/baseName/plus/opts/traits/possibleOpts/grantSkills/locked/source/custom metadata"
"252","天使のローブ","体","ローブ","120","130","{""def"":25,""mag"":32,""mdef"":33,""elmRes"":{""光"":20}}","{""def"":28,""mag"":34,""mdef"":36,""elmRes"":{""光"":20}}","id/eid/masterEid/name/type/baseName/plus/opts/traits/possibleOpts/grantSkills/locked/source/custom metadata"
"253","勇者の具足","足","ブーツ","120","130","{""def"":27,""spd"":27,""resists_Shock"":40}","{""def"":29,""spd"":29,""resists_Shock"":40}","id/eid/masterEid/name/type/baseName/plus/opts/traits/possibleOpts/grantSkills/locked/source/custom metadata"
"254","星降る靴","足","くつ","120","130","{""spd"":36,""eva"":10}","{""spd"":40,""eva"":10}","id/eid/masterEid/name/type/baseName/plus/opts/traits/possibleOpts/grantSkills/locked/source/custom metadata"
"261","竜神王の剣","武器","剣","130","140","{""atk"":56,""hit"":10,""elmAtk"":{""火"":15}}","{""atk"":61,""hit"":10,""elmAtk"":{""火"":15}}","id/eid/masterEid/name/type/baseName/plus/opts/traits/possibleOpts/grantSkills/locked/source/custom metadata"
"262","ミョルニル","武器","斧","130","140","{""atk"":72,""spd"":-10,""hit"":-10,""elmAtk"":{""雷"":15}}","{""atk"":78,""spd"":-10,""hit"":-10,""elmAtk"":{""雷"":15}}","id/eid/masterEid/name/type/baseName/plus/opts/traits/possibleOpts/grantSkills/locked/source/custom metadata"
"263","月下の小太刀","武器","短剣","130","140","{""atk"":42,""mag"":42,""cri"":10,""attack_Poison"":20}","{""atk"":46,""mag"":46,""cri"":10,""attack_Poison"":20}","id/eid/masterEid/name/type/baseName/plus/opts/traits/possibleOpts/grantSkills/locked/source/custom metadata"
"264","世界樹の杖","武器","杖","130","140","{""mag"":69,""finRed"":10}","{""mag"":76,""finRed"":10}","id/eid/masterEid/name/type/baseName/plus/opts/traits/possibleOpts/grantSkills/locked/source/custom metadata"
"265","竜神の槍","武器","槍","130","140","{""atk"":62,""elmAtk"":{""火"":20}}","{""atk"":67,""elmAtk"":{""火"":20}}","id/eid/masterEid/name/type/baseName/plus/opts/traits/possibleOpts/grantSkills/locked/source/custom metadata"
"266","竜神の弓","武器","弓","130","140","{""atk"":62,""cri"":25,""hit"":-20}","{""atk"":67,""cri"":25,""hit"":-20}","id/eid/masterEid/name/type/baseName/plus/opts/traits/possibleOpts/grantSkills/locked/source/custom metadata"
"267","竜神の盾","盾","盾","130","140","{""def"":46,""mdef"":35,""elmRes"":{""火"":30}}","{""def"":49,""mdef"":37,""elmRes"":{""火"":30}}","id/eid/masterEid/name/type/baseName/plus/opts/traits/possibleOpts/grantSkills/locked/source/custom metadata"
"268","輝石のバングル","盾","腕輪","130","140","{""atk"":29,""def"":34,""mag"":29,""mdef"":39,""resists_Debuff"":30}","{""atk"":32,""def"":37,""mag"":32,""mdef"":42,""resists_Debuff"":30}","id/eid/masterEid/name/type/baseName/plus/opts/traits/possibleOpts/grantSkills/locked/source/custom metadata"
"269","龍神の兜","頭","兜","130","140","{""def"":33,""mdef"":22,""hp"":64,""mp"":69,""resists_Fear"":30}","{""def"":35,""mdef"":24,""hp"":70,""mp"":74,""resists_Fear"":30}","id/eid/masterEid/name/type/baseName/plus/opts/traits/possibleOpts/grantSkills/locked/source/custom metadata"
"270","マジカルリボン","頭","帽子","130","140","{""def"":22,""mdef"":33,""hp"":69,""mp"":64}","{""def"":24,""mdef"":35,""hp"":74,""mp"":70}","id/eid/masterEid/name/type/baseName/plus/opts/traits/possibleOpts/grantSkills/locked/source/custom metadata"
"271","竜神のよろい","体","鎧","130","140","{""def"":38,""mdef"":28,""finRed"":15,""elmRes"":{""火"":20}}","{""def"":41,""mdef"":30,""finRed"":15,""elmRes"":{""火"":20}}","id/eid/masterEid/name/type/baseName/plus/opts/traits/possibleOpts/grantSkills/locked/source/custom metadata"
"272","虹色のローブ","体","ローブ","130","140","{""def"":28,""mag"":34,""mdef"":36,""elmRes"":{""火"":10,""水"":10,""風"":10,""雷"":10}}","{""def"":30,""mag"":37,""mdef"":39,""elmRes"":{""火"":10,""水"":10,""風"":10,""雷"":10}}","id/eid/masterEid/name/type/baseName/plus/opts/traits/possibleOpts/grantSkills/locked/source/custom metadata"
"273","竜神の靴","足","ブーツ","130","140","{""def"":29,""spd"":29}","{""def"":32,""spd"":32}","id/eid/masterEid/name/type/baseName/plus/opts/traits/possibleOpts/grantSkills/locked/source/custom metadata"
"274","エルフのサンダル","足","くつ","130","140","{""spd"":40,""eva"":10}","{""spd"":43,""eva"":10}","id/eid/masterEid/name/type/baseName/plus/opts/traits/possibleOpts/grantSkills/locked/source/custom metadata"
"281","ラグナロク","武器","剣","140","150","{""atk"":61,""hit"":10,""elmAtk"":{""闇"":15},""attack_Fear"":10}","{""atk"":66,""hit"":10,""elmAtk"":{""闇"":15},""attack_Fear"":10}","id/eid/masterEid/name/type/baseName/plus/opts/traits/possibleOpts/grantSkills/locked/source/custom metadata"
"282","バハムートアクス","武器","斧","140","150","{""atk"":78,""spd"":-11,""hit"":-10}","{""atk"":85,""spd"":-11,""hit"":-10}","id/eid/masterEid/name/type/baseName/plus/opts/traits/possibleOpts/grantSkills/locked/source/custom metadata"
"283","ソウルイーター","武器","短剣","140","150","{""atk"":46,""mag"":46,""cri"":10,""attack_InstantDeath"":5}","{""atk"":50,""mag"":50,""cri"":10,""attack_InstantDeath"":5}","id/eid/masterEid/name/type/baseName/plus/opts/traits/possibleOpts/grantSkills/locked/source/custom metadata"
"284","虚空の杖","武器","杖","140","150","{""mag"":76,""finRed"":10,""finDmg"":10}","{""mag"":82,""finRed"":10,""finDmg"":10}","id/eid/masterEid/name/type/baseName/plus/opts/traits/possibleOpts/grantSkills/locked/source/custom metadata"
"285","ブリューナク","武器","槍","140","150","{""atk"":67}","{""atk"":73}","id/eid/masterEid/name/type/baseName/plus/opts/traits/possibleOpts/grantSkills/locked/source/custom metadata"
"286","バハムートボウ","武器","弓","140","150","{""atk"":67,""cri"":25,""hit"":-20,""elmAtk"":{""闇"":20}}","{""atk"":73,""cri"":25,""hit"":-20,""elmAtk"":{""闇"":20}}","id/eid/masterEid/name/type/baseName/plus/opts/traits/possibleOpts/grantSkills/locked/source/custom metadata"
"287","イージスの盾","盾","盾","140","150","{""def"":49,""mdef"":37,""finRed"":10,""resists_Debuff"":30}","{""def"":53,""mdef"":40,""finRed"":10,""resists_Debuff"":30}","id/eid/masterEid/name/type/baseName/plus/opts/traits/possibleOpts/grantSkills/locked/source/custom metadata"
"288","星座の腕輪","盾","腕輪","140","150","{""atk"":32,""def"":37,""mag"":32,""mdef"":42}","{""atk"":34,""def"":40,""mag"":34,""mdef"":45}","id/eid/masterEid/name/type/baseName/plus/opts/traits/possibleOpts/grantSkills/locked/source/custom metadata"
"289","黄金のマスク","頭","兜","140","150","{""def"":35,""mdef"":24,""hp"":70,""mp"":74,""resists_InstantDeath"":20}","{""def"":38,""mdef"":26,""hp"":75,""mp"":80,""resists_InstantDeath"":20}","id/eid/masterEid/name/type/baseName/plus/opts/traits/possibleOpts/grantSkills/locked/source/custom metadata"
"290","星座のベレー","頭","帽子","140","150","{""def"":24,""mdef"":35,""hp"":74,""mp"":70}","{""def"":26,""mdef"":38,""hp"":80,""mp"":75}","id/eid/masterEid/name/type/baseName/plus/opts/traits/possibleOpts/grantSkills/locked/source/custom metadata"
"291","天界の鎧","体","鎧","140","150","{""def"":41,""mdef"":30,""finRed"":20}","{""def"":44,""mdef"":32,""finRed"":20}","id/eid/masterEid/name/type/baseName/plus/opts/traits/possibleOpts/grantSkills/locked/source/custom metadata"
"292","星辰の法衣","体","ローブ","140","150","{""def"":30,""mag"":37,""mdef"":39,""elmRes"":{""闇"":20}}","{""def"":32,""mag"":40,""mdef"":42,""elmRes"":{""闇"":20}}","id/eid/masterEid/name/type/baseName/plus/opts/traits/possibleOpts/grantSkills/locked/source/custom metadata"
"293","戦神のグリーヴ","足","ブーツ","140","150","{""def"":32,""spd"":32}","{""def"":34,""spd"":34}","id/eid/masterEid/name/type/baseName/plus/opts/traits/possibleOpts/grantSkills/locked/source/custom metadata"
"294","飛翔の靴","足","くつ","140","150","{""spd"":43,""eva"":10}","{""spd"":46,""eva"":10}","id/eid/masterEid/name/type/baseName/plus/opts/traits/possibleOpts/grantSkills/locked/source/custom metadata"
"301","メタルロードの剣","武器","剣","150","160","{""atk"":66,""cri"":15,""hit"":10}","{""atk"":72,""cri"":15,""hit"":10}","id/eid/masterEid/name/type/baseName/plus/opts/traits/possibleOpts/grantSkills/locked/source/custom metadata"
"302","メタルロードの大斧","武器","斧","150","160","{""atk"":85,""spd"":-11,""hit"":-10,""attack_Fear"":15}","{""atk"":93,""spd"":-11,""hit"":-10,""attack_Fear"":15}","id/eid/masterEid/name/type/baseName/plus/opts/traits/possibleOpts/grantSkills/locked/source/custom metadata"
"303","メタルロードダガー","武器","短剣","150","160","{""atk"":50,""mag"":50,""cri"":10,""attack_Poison"":20,""attack_InstantDeath"":5}","{""atk"":55,""mag"":55,""cri"":10,""attack_Poison"":20,""attack_InstantDeath"":5}","id/eid/masterEid/name/type/baseName/plus/opts/traits/possibleOpts/grantSkills/locked/source/custom metadata"
"304","メタルロードの杖","武器","杖","150","160","{""mag"":82,""finDmg"":10}","{""mag"":90,""finDmg"":10}","id/eid/masterEid/name/type/baseName/plus/opts/traits/possibleOpts/grantSkills/locked/source/custom metadata"
"305","メタルロードの槍","武器","槍","150","160","{""atk"":73,""cri"":10}","{""atk"":80,""cri"":10}","id/eid/masterEid/name/type/baseName/plus/opts/traits/possibleOpts/grantSkills/locked/source/custom metadata"
"306","メタルロードの弓","武器","弓","150","160","{""atk"":73,""cri"":25,""hit"":-20}","{""atk"":80,""cri"":25,""hit"":-20}","id/eid/masterEid/name/type/baseName/plus/opts/traits/possibleOpts/grantSkills/locked/source/custom metadata"
"307","メタルロードの盾","盾","盾","150","160","{""def"":53,""mdef"":40,""elmRes"":{""火"":15,""水"":15,""風"":15,""雷"":15},""resists_Debuff"":30}","{""def"":56,""mdef"":42,""elmRes"":{""火"":15,""水"":15,""風"":15,""雷"":15},""resists_Debuff"":30}","id/eid/masterEid/name/type/baseName/plus/opts/traits/possibleOpts/grantSkills/locked/source/custom metadata"
"308","メタルロードの紋章","盾","腕輪","150","160","{""atk"":34,""def"":40,""mag"":34,""mdef"":45,""finDmg"":10}","{""atk"":37,""def"":43,""mag"":37,""mdef"":48,""finDmg"":10}","id/eid/masterEid/name/type/baseName/plus/opts/traits/possibleOpts/grantSkills/locked/source/custom metadata"
"309","メタルロードヘルム","頭","兜","150","160","{""def"":38,""mdef"":26,""hp"":75,""mp"":80,""resists_Fear"":50,""resists_InstantDeath"":50}","{""def"":41,""mdef"":28,""hp"":81,""mp"":86,""resists_Fear"":50,""resists_InstantDeath"":50}","id/eid/masterEid/name/type/baseName/plus/opts/traits/possibleOpts/grantSkills/locked/source/custom metadata"
"310","メタルロードの大冠","頭","帽子","150","160","{""def"":26,""mdef"":38,""hp"":80,""mp"":75,""resists_SpellSeal"":50}","{""def"":28,""mdef"":41,""hp"":86,""mp"":81,""resists_SpellSeal"":50}","id/eid/masterEid/name/type/baseName/plus/opts/traits/possibleOpts/grantSkills/locked/source/custom metadata"
"311","メタルロードの鎧","体","鎧","150","160","{""def"":44,""mdef"":32,""finRed"":20,""resists_SkillSeal"":50,""resists_SpellSeal"":50}","{""def"":47,""mdef"":34,""finRed"":20,""resists_SkillSeal"":50,""resists_SpellSeal"":50}","id/eid/masterEid/name/type/baseName/plus/opts/traits/possibleOpts/grantSkills/locked/source/custom metadata"
"312","メタルロードローブ","体","ローブ","150","160","{""def"":32,""mag"":40,""mdef"":42,""resists_HealSeal"":50}","{""def"":34,""mag"":43,""mdef"":45,""resists_HealSeal"":50}","id/eid/masterEid/name/type/baseName/plus/opts/traits/possibleOpts/grantSkills/locked/source/custom metadata"
"313","メタルロードブーツ","足","ブーツ","150","160","{""def"":34,""spd"":34,""resists_Shock"":70}","{""def"":37,""spd"":37,""resists_Shock"":70}","id/eid/masterEid/name/type/baseName/plus/opts/traits/possibleOpts/grantSkills/locked/source/custom metadata"
"314","メタルロードのくつ","足","くつ","150","160","{""spd"":46,""eva"":10}","{""spd"":50,""eva"":10}","id/eid/masterEid/name/type/baseName/plus/opts/traits/possibleOpts/grantSkills/locked/source/custom metadata"
"321","終焉の剣","武器","剣","160","170","{""atk"":72,""hit"":10,""elmAtk"":{""闇"":15},""attack_InstantDeath"":2}","{""atk"":78,""hit"":10,""elmAtk"":{""闇"":15},""attack_InstantDeath"":2}","id/eid/masterEid/name/type/baseName/plus/opts/traits/possibleOpts/grantSkills/locked/source/custom metadata"
"322","ヴォルカノン","武器","斧","160","170","{""atk"":93,""spd"":-12,""hit"":-10,""elmAtk"":{""火"":20}}","{""atk"":101,""spd"":-12,""hit"":-10,""elmAtk"":{""火"":20}}","id/eid/masterEid/name/type/baseName/plus/opts/traits/possibleOpts/grantSkills/locked/source/custom metadata"
"323","宵闇の牙","武器","短剣","160","170","{""atk"":55,""mag"":55,""cri"":10,""attack_InstantDeath"":7}","{""atk"":60,""mag"":60,""cri"":10,""attack_InstantDeath"":7}","id/eid/masterEid/name/type/baseName/plus/opts/traits/possibleOpts/grantSkills/locked/source/custom metadata"
"324","コスモロッド","武器","杖","160","170","{""mag"":90,""elmAtk"":{""光"":10,""闇"":10}}","{""mag"":98,""elmAtk"":{""光"":10,""闇"":10}}","id/eid/masterEid/name/type/baseName/plus/opts/traits/possibleOpts/grantSkills/locked/source/custom metadata"
"325","アビスランス","武器","槍","160","170","{""atk"":80,""elmAtk"":{""闇"":20}}","{""atk"":86,""elmAtk"":{""闇"":20}}","id/eid/masterEid/name/type/baseName/plus/opts/traits/possibleOpts/grantSkills/locked/source/custom metadata"
"326","フェイルノート","武器","弓","160","170","{""atk"":80,""cri"":25,""hit"":-20}","{""atk"":86,""cri"":25,""hit"":-20}","id/eid/masterEid/name/type/baseName/plus/opts/traits/possibleOpts/grantSkills/locked/source/custom metadata"
"327","天界の盾","盾","盾","160","170","{""def"":56,""mdef"":42,""finRed"":10,""elmRes"":{""闇"":30}}","{""def"":60,""mdef"":45,""finRed"":10,""elmRes"":{""闇"":30}}","id/eid/masterEid/name/type/baseName/plus/opts/traits/possibleOpts/grantSkills/locked/source/custom metadata"
"328","太陽のバングル","盾","腕輪","160","170","{""atk"":37,""def"":43,""mag"":37,""mdef"":48,""elmAtk"":{""火"":20}}","{""atk"":40,""def"":46,""mag"":40,""mdef"":52,""elmAtk"":{""火"":20}}","id/eid/masterEid/name/type/baseName/plus/opts/traits/possibleOpts/grantSkills/locked/source/custom metadata"
"329","星詠みの兜","頭","兜","160","170","{""def"":41,""mdef"":28,""hp"":81,""mp"":86,""resists_Fear"":40}","{""def"":44,""mdef"":30,""hp"":87,""mp"":93,""resists_Fear"":40}","id/eid/masterEid/name/type/baseName/plus/opts/traits/possibleOpts/grantSkills/locked/source/custom metadata"
"330","精霊の冠","頭","帽子","160","170","{""def"":28,""mdef"":41,""hp"":86,""mp"":81}","{""def"":30,""mdef"":44,""hp"":93,""mp"":87}","id/eid/masterEid/name/type/baseName/plus/opts/traits/possibleOpts/grantSkills/locked/source/custom metadata"
"331","鳳凰の鎧","体","鎧","160","170","{""def"":47,""mdef"":34}","{""def"":50,""mdef"":37}","id/eid/masterEid/name/type/baseName/plus/opts/traits/possibleOpts/grantSkills/locked/source/custom metadata"
"332","聖者のガウン","体","ローブ","160","170","{""def"":34,""mag"":43,""mdef"":45,""resists_Debuff"":30}","{""def"":37,""mag"":46,""mdef"":48,""resists_Debuff"":30}","id/eid/masterEid/name/type/baseName/plus/opts/traits/possibleOpts/grantSkills/locked/source/custom metadata"
"333","幻影のブーツ","足","ブーツ","160","170","{""def"":37,""spd"":37}","{""def"":40,""spd"":40}","id/eid/masterEid/name/type/baseName/plus/opts/traits/possibleOpts/grantSkills/locked/source/custom metadata"
"334","水面の靴","足","くつ","160","170","{""spd"":50,""eva"":10}","{""spd"":53,""eva"":10}","id/eid/masterEid/name/type/baseName/plus/opts/traits/possibleOpts/grantSkills/locked/source/custom metadata"
"341","ツインカノン","武器","剣","170","180","{""atk"":78,""hit"":10,""eva"":10}","{""atk"":84,""hit"":10,""eva"":10}","id/eid/masterEid/name/type/baseName/plus/opts/traits/possibleOpts/grantSkills/locked/source/custom metadata"
"342","ガルガリン","武器","斧","170","180","{""atk"":101,""spd"":-12,""hit"":-10}","{""atk"":110,""spd"":-12,""hit"":-10}","id/eid/masterEid/name/type/baseName/plus/opts/traits/possibleOpts/grantSkills/locked/source/custom metadata"
"343","時空の針","武器","短剣","170","180","{""atk"":60,""mag"":60,""cri"":10,""attack_Poison"":20}","{""atk"":64,""mag"":64,""cri"":10,""attack_Poison"":20}","id/eid/masterEid/name/type/baseName/plus/opts/traits/possibleOpts/grantSkills/locked/source/custom metadata"
"344","神託の杖","武器","杖","170","180","{""mag"":98,""finRed"":10}","{""mag"":106,""finRed"":10}","id/eid/masterEid/name/type/baseName/plus/opts/traits/possibleOpts/grantSkills/locked/source/custom metadata"
"345","創世の槍","武器","槍","170","180","{""atk"":86,""finRed"":10}","{""atk"":93,""finRed"":10}","id/eid/masterEid/name/type/baseName/plus/opts/traits/possibleOpts/grantSkills/locked/source/custom metadata"
"346","明星の弓","武器","弓","170","180","{""atk"":86,""cri"":25,""hit"":-20,""elmAtk"":{""光"":20}}","{""atk"":93,""cri"":25,""hit"":-20,""elmAtk"":{""光"":20}}","id/eid/masterEid/name/type/baseName/plus/opts/traits/possibleOpts/grantSkills/locked/source/custom metadata"
"347","輪廻の盾","盾","盾","170","180","{""def"":60,""mdef"":45,""finRed"":10,""resists_Debuff"":30}","{""def"":63,""mdef"":47,""finRed"":10,""resists_Debuff"":30}","id/eid/masterEid/name/type/baseName/plus/opts/traits/possibleOpts/grantSkills/locked/source/custom metadata"
"348","月光のバングル","盾","腕輪","170","180","{""atk"":40,""def"":46,""mag"":40,""mdef"":52,""resists_Fear"":40}","{""atk"":42,""def"":50,""mag"":42,""mdef"":55,""resists_Fear"":40}","id/eid/masterEid/name/type/baseName/plus/opts/traits/possibleOpts/grantSkills/locked/source/custom metadata"
"349","真実の仮面","頭","兜","170","180","{""def"":44,""mdef"":30,""hp"":87,""mp"":93,""resists_Fear"":50}","{""def"":46,""mdef"":32,""hp"":93,""mp"":99,""resists_Fear"":50}","id/eid/masterEid/name/type/baseName/plus/opts/traits/possibleOpts/grantSkills/locked/source/custom metadata"
"350","夢幻の帽子","頭","帽子","170","180","{""def"":30,""mdef"":44,""hp"":93,""mp"":87}","{""def"":32,""mdef"":46,""hp"":99,""mp"":93}","id/eid/masterEid/name/type/baseName/plus/opts/traits/possibleOpts/grantSkills/locked/source/custom metadata"
"351","星座のよろい","体","鎧","170","180","{""def"":50,""mdef"":37,""finRed"":20,""resists_SkillSeal"":45}","{""def"":54,""mdef"":39,""finRed"":20,""resists_SkillSeal"":45}","id/eid/masterEid/name/type/baseName/plus/opts/traits/possibleOpts/grantSkills/locked/source/custom metadata"
"352","女神のドレス","体","ローブ","170","180","{""def"":37,""mag"":46,""mdef"":48,""resists_HealSeal"":40}","{""def"":39,""mag"":50,""mdef"":52,""resists_HealSeal"":40}","id/eid/masterEid/name/type/baseName/plus/opts/traits/possibleOpts/grantSkills/locked/source/custom metadata"
"353","明星のグリーヴ","足","ブーツ","170","180","{""def"":40,""spd"":40}","{""def"":42,""spd"":42}","id/eid/masterEid/name/type/baseName/plus/opts/traits/possibleOpts/grantSkills/locked/source/custom metadata"
"354","無音の靴","足","くつ","170","180","{""spd"":53,""eva"":10,""resists_Shock"":45}","{""spd"":57,""eva"":10,""resists_Shock"":45}","id/eid/masterEid/name/type/baseName/plus/opts/traits/possibleOpts/grantSkills/locked/source/custom metadata"
"361","オメガブレイド","武器","剣","180","190","{""atk"":84,""hit"":10,""finDmg"":15}","{""atk"":90,""hit"":10,""finDmg"":15}","id/eid/masterEid/name/type/baseName/plus/opts/traits/possibleOpts/grantSkills/locked/source/custom metadata"
"362","天変地異","武器","斧","180","190","{""atk"":110,""spd"":-12,""hit"":-10,""elmAtk"":{""混沌"":20},""attack_Fear"":20}","{""atk"":118,""spd"":-12,""hit"":-10,""elmAtk"":{""混沌"":20},""attack_Fear"":20}","id/eid/masterEid/name/type/baseName/plus/opts/traits/possibleOpts/grantSkills/locked/source/custom metadata"
"363","無音の暗殺刃","武器","短剣","180","190","{""atk"":64,""mag"":64,""cri"":10,""attack_Poison"":30,""attack_InstantDeath"":8}","{""atk"":69,""mag"":69,""cri"":10,""attack_Poison"":30,""attack_InstantDeath"":8}","id/eid/masterEid/name/type/baseName/plus/opts/traits/possibleOpts/grantSkills/locked/source/custom metadata"
"364","始祖の魔杖","武器","杖","180","190","{""mag"":106,""resists_SpellSeal"":30}","{""mag"":114,""resists_SpellSeal"":30}","id/eid/masterEid/name/type/baseName/plus/opts/traits/possibleOpts/grantSkills/locked/source/custom metadata"
"365","ロンゴミニアド","武器","槍","180","190","{""atk"":93,""finDmg"":10}","{""atk"":99,""finDmg"":10}","id/eid/masterEid/name/type/baseName/plus/opts/traits/possibleOpts/grantSkills/locked/source/custom metadata"
"366","オメガボウ","武器","弓","180","190","{""atk"":93,""cri"":25,""hit"":-20,""elmAtk"":{""混沌"":20}}","{""atk"":99,""cri"":25,""hit"":-20,""elmAtk"":{""混沌"":20}}","id/eid/masterEid/name/type/baseName/plus/opts/traits/possibleOpts/grantSkills/locked/source/custom metadata"
"367","ゼウスの盾","盾","盾","180","190","{""def"":63,""mdef"":47,""finRed"":15,""elmRes"":{""雷"":30}}","{""def"":67,""mdef"":50,""finRed"":15,""elmRes"":{""雷"":30}}","id/eid/masterEid/name/type/baseName/plus/opts/traits/possibleOpts/grantSkills/locked/source/custom metadata"
"368","混沌の腕輪","盾","腕輪","180","190","{""atk"":42,""def"":50,""mag"":42,""mdef"":55,""elmAtk"":{""混沌"":15}}","{""atk"":45,""def"":53,""mag"":45,""mdef"":59,""elmAtk"":{""混沌"":15}}","id/eid/masterEid/name/type/baseName/plus/opts/traits/possibleOpts/grantSkills/locked/source/custom metadata"
"369","神々の王冠","頭","兜","180","190","{""def"":46,""mdef"":32,""hp"":93,""mp"":99,""resists_Fear"":60}","{""def"":49,""mdef"":34,""hp"":99,""mp"":106,""resists_Fear"":60}","id/eid/masterEid/name/type/baseName/plus/opts/traits/possibleOpts/grantSkills/locked/source/custom metadata"
"370","審判のカチュール","頭","帽子","180","190","{""def"":32,""mdef"":46,""hp"":99,""mp"":93,""resists_HealSeal"":50}","{""def"":34,""mdef"":49,""hp"":106,""mp"":99,""resists_HealSeal"":50}","id/eid/masterEid/name/type/baseName/plus/opts/traits/possibleOpts/grantSkills/locked/source/custom metadata"
"371","神威の装束","体","鎧","180","190","{""def"":54,""mdef"":39,""resists_Debuff"":40}","{""def"":57,""mdef"":42,""resists_Debuff"":40}","id/eid/masterEid/name/type/baseName/plus/opts/traits/possibleOpts/grantSkills/locked/source/custom metadata"
"372","虚無の法衣","体","ローブ","180","190","{""def"":39,""mag"":50,""mdef"":52,""elmRes"":{""混沌"":20}}","{""def"":42,""mag"":53,""mdef"":55,""elmRes"":{""混沌"":20}}","id/eid/masterEid/name/type/baseName/plus/opts/traits/possibleOpts/grantSkills/locked/source/custom metadata"
"373","獅子のレガース","足","ブーツ","180","190","{""def"":42,""spd"":42}","{""def"":45,""spd"":45}","id/eid/masterEid/name/type/baseName/plus/opts/traits/possibleOpts/grantSkills/locked/source/custom metadata"
"374","光速のサンダル","足","くつ","180","190","{""spd"":57,""eva"":15}","{""spd"":60,""eva"":15}","id/eid/masterEid/name/type/baseName/plus/opts/traits/possibleOpts/grantSkills/locked/source/custom metadata"
"381","エクスカリバー","武器","剣","190","200","{""atk"":90,""hit"":10,""finDmg"":15,""elmAtk"":{""光"":20}}","{""atk"":96,""hit"":10,""finDmg"":15,""elmAtk"":{""光"":20}}","id/eid/masterEid/name/type/baseName/plus/opts/traits/possibleOpts/grantSkills/locked/source/custom metadata"
"382","ゼウスのアクス","武器","斧","190","200","{""atk"":118,""spd"":-13,""hit"":-10,""elmAtk"":{""雷"":20}}","{""atk"":126,""spd"":-13,""hit"":-10,""elmAtk"":{""雷"":20}}","id/eid/masterEid/name/type/baseName/plus/opts/traits/possibleOpts/grantSkills/locked/source/custom metadata"
"383","神殺しの匕首","武器","短剣","190","200","{""atk"":69,""mag"":69,""cri"":10,""elmAtk"":{""混沌"":20},""attack_Poison"":30,""attack_InstantDeath"":9}","{""atk"":74,""mag"":74,""cri"":10,""elmAtk"":{""混沌"":20},""attack_Poison"":30,""attack_InstantDeath"":9}","id/eid/masterEid/name/type/baseName/plus/opts/traits/possibleOpts/grantSkills/locked/source/custom metadata"
"384","アポカリプス","武器","杖","190","200","{""mag"":114,""finDmg"":10,""elmAtk"":{""混沌"":20}}","{""mag"":122,""finDmg"":10,""elmAtk"":{""混沌"":20}}","id/eid/masterEid/name/type/baseName/plus/opts/traits/possibleOpts/grantSkills/locked/source/custom metadata"
"385","究極の聖槍","武器","槍","190","200","{""atk"":99,""finDmg"":10,""elmAtk"":{""光"":20}}","{""atk"":106,""finDmg"":10,""elmAtk"":{""光"":20}}","id/eid/masterEid/name/type/baseName/plus/opts/traits/possibleOpts/grantSkills/locked/source/custom metadata"
"386","究極の神弓","武器","弓","190","200","{""atk"":99,""cri"":30,""hit"":-20}","{""atk"":106,""cri"":30,""hit"":-20}","id/eid/masterEid/name/type/baseName/plus/opts/traits/possibleOpts/grantSkills/locked/source/custom metadata"
"387","アカシックシールド","盾","盾","190","200","{""def"":67,""mdef"":50,""finRed"":15,""elmRes"":{""光"":30}}","{""def"":70,""mdef"":52,""finRed"":15,""elmRes"":{""光"":30}}","id/eid/masterEid/name/type/baseName/plus/opts/traits/possibleOpts/grantSkills/locked/source/custom metadata"
"388","神話の紋章","盾","腕輪","190","200","{""atk"":45,""def"":53,""mag"":45,""mdef"":59}","{""atk"":48,""def"":56,""mag"":48,""mdef"":62}","id/eid/masterEid/name/type/baseName/plus/opts/traits/possibleOpts/grantSkills/locked/source/custom metadata"
"389","虚空の兜","頭","兜","190","200","{""def"":49,""mdef"":34,""hp"":99,""mp"":106,""resists_InstantDeath"":40}","{""def"":52,""mdef"":36,""hp"":105,""mp"":112,""resists_InstantDeath"":40}","id/eid/masterEid/name/type/baseName/plus/opts/traits/possibleOpts/grantSkills/locked/source/custom metadata"
"390","明星の帽子","頭","帽子","190","200","{""def"":34,""mdef"":49,""hp"":106,""mp"":99}","{""def"":36,""mdef"":52,""hp"":112,""mp"":105}","id/eid/masterEid/name/type/baseName/plus/opts/traits/possibleOpts/grantSkills/locked/source/custom metadata"
"391","至高の神鎧","体","鎧","190","200","{""def"":57,""mdef"":42,""finRed"":20}","{""def"":60,""mdef"":44,""finRed"":20}","id/eid/masterEid/name/type/baseName/plus/opts/traits/possibleOpts/grantSkills/locked/source/custom metadata"
"392","宇宙のケープ","体","ローブ","190","200","{""def"":42,""mag"":53,""mdef"":55,""elmRes"":{""火"":20,""水"":20,""風"":20,""雷"":20}}","{""def"":44,""mag"":56,""mdef"":58,""elmRes"":{""火"":20,""水"":20,""風"":20,""雷"":20}}","id/eid/masterEid/name/type/baseName/plus/opts/traits/possibleOpts/grantSkills/locked/source/custom metadata"
"393","神話のブーツ","足","ブーツ","190","200","{""def"":45,""spd"":45}","{""def"":48,""spd"":48}","id/eid/masterEid/name/type/baseName/plus/opts/traits/possibleOpts/grantSkills/locked/source/custom metadata"
"394","時空の靴","足","くつ","190","200","{""spd"":60,""eva"":15}","{""spd"":64,""eva"":15}","id/eid/masterEid/name/type/baseName/plus/opts/traits/possibleOpts/grantSkills/locked/source/custom metadata"
